url,final_url,status,lang,redirected,slug,md_chars,images,warn
https://theglobal.school/404-2/,https://theglobal.school/404-2/,200,en,no,404-2,313,1,
https://theglobal.school/about-us/,https://theglobal.school/about-us/,200,en,no,about-us,4986,8,
https://theglobal.school/african-leaders-awards/,https://theglobal.school/african-leaders-awards/,200,en,no,african-leaders-awards,8321,9,
https://theglobal.school/ai-for-sustainable-development/,https://theglobal.school/ai-for-sustainable-development/,200,en,no,ai-for-sustainable-development,5135,8,
https://theglobal.school/ai-sustainability/,https://theglobal.school/ai-sustainability/,200,en,no,ai-sustainability,11985,9,
https://theglobal.school/blog/,https://theglobal.school/blog/,200,en,no,blog,5769,0,
https://theglobal.school/certification-in-sustainability-iso-37101/,https://theglobal.school/certification-in-sustainability-iso-37101/,200,en,no,certification-in-sustainability-iso-37101,11419,10,
https://theglobal.school/certification-iso-26000-social-responsibility/,https://theglobal.school/certification-iso-26000-social-responsibility/,200,en,no,certification-iso-26000-social-responsibility,11363,10,
https://theglobal.school/certification-iso-9001-quality-management-systems/,https://theglobal.school/certification-iso-9001-quality-management-systems/,200,en,no,certification-iso-9001-quality-management-systems,11725,10,
https://theglobal.school/champions-of-our-planet/,https://theglobal.school/champions-of-our-planet/,200,en,no,champions-of-our-planet,8573,8,
https://theglobal.school/climate-action-leaders/,https://theglobal.school/climate-action-leaders/,200,en,no,climate-action-leaders,2274,3,
https://theglobal.school/community/,https://theglobal.school/community/,200,en,no,community,76,0,
https://theglobal.school/conflict-conversations/,https://theglobal.school/conflict-conversations/,200,en,no,conflict-conversations,2566,5,
https://theglobal.school/contributions/,https://theglobal.school/contributions/,200,en,no,contributions,1199,0,
https://theglobal.school/decision-making/,https://theglobal.school/decision-making/,200,en,no,decision-making,12571,11,
https://theglobal.school/digital-innovation-toolbox/,https://theglobal.school/digital-innovation-toolbox/,200,en,no,digital-innovation-toolbox,5889,11,
https://theglobal.school/environmental-management-systems-based-iso-14001/,https://theglobal.school/environmental-management-systems-based-iso-14001/,200,en,no,environmental-management-systems-based-iso-14001,12243,10,
https://theglobal.school/europe/,https://theglobal.school/europe/,200,en,no,europe,2848,6,
https://theglobal.school/event-organizations-academy-communities/,https://theglobal.school/the-new-global-school-communities-events-education/,200,en,yes,the-new-global-school-communities-events-education,4989,4,
https://theglobal.school/executive-educational-trips-for-governments-companies/,https://theglobal.school/executive-educational-trips-for-governments-companies/,200,en,no,executive-educational-trips-for-governments-companies,3370,8,
https://theglobal.school/finding-your-purpose/,https://theglobal.school/finding-your-purpose/,200,en,no,finding-your-purpose,7569,11,
https://theglobal.school/franchises-theglobal-school/,https://theglobal.school/franchises-theglobal-school/,200,en,no,franchises-theglobal-school,5131,4,
https://theglobal.school/global-consultants/,https://theglobal.school/global-consultants/,200,en,no,global-consultants,4293,3,
https://theglobal.school/holistic-leadership/,https://theglobal.school/holistic-leadership/,200,en,no,holistic-leadership,8635,11,
https://theglobal.school/human-development-goals/,https://theglobal.school/human-development-goals/,200,en,no,human-development-goals,6837,11,
https://theglobal.school/innovation-toolbox-for-ceos-and-founders/,https://theglobal.school/innovation-toolbox-for-ceos-and-founders/,200,en,no,innovation-toolbox-for-ceos-and-founders,5942,11,
https://theglobal.school/international-certifications-training/,https://theglobal.school/international-certifications-training/,200,en,no,international-certifications-training,8925,13,
https://theglobal.school/internship-youtuber/,https://theglobal.school/internship-youtuber/,200,en,no,internship-youtuber,3884,0,
https://theglobal.school/iso-21001-educational-organizations-management/,https://theglobal.school/iso-21001-educational-organizations-management/,200,en,no,iso-21001-educational-organizations-management,10850,10,
https://theglobal.school/kite-crm/,https://theglobal.school/kite-crm/,200,en,no,kite-crm,16789,11,
https://theglobal.school/latin-american-networking-in-vienna/,https://theglobal.school/latin-american-networking-in-vienna/,200,en,no,latin-american-networking-in-vienna,7757,12,
https://theglobal.school/leaders-awards/,https://theglobal.school/leaders-awards/,200,en,no,leaders-awards,828,3,
https://theglobal.school/new-leadership-lessons/,https://theglobal.school/new-leadership-lessons/,200,en,no,new-leadership-lessons,7002,12,
https://theglobal.school/nominations-african-leaders-awards/,https://theglobal.school/nominations-african-leaders-awards/,200,en,no,nominations-african-leaders-awards,9237,8,
https://theglobal.school/objectives-and-key-results-okrs/,https://theglobal.school/objectives-and-key-results-okrs/,200,en,no,objectives-and-key-results-okrs,9210,10,
https://theglobal.school/partnerships/,https://theglobal.school/partnerships/,200,en,no,partnerships,6441,9,
https://theglobal.school/productivity-board/,https://theglobal.school/productivity-board/,200,en,no,productivity-board,8574,11,
https://theglobal.school/regenerative-leadership-podcast/,https://theglobal.school/regenerative-leadership-podcast/,200,en,no,regenerative-leadership-podcast,13654,59,
https://theglobal.school/roberto-arrucha/,https://theglobal.school/roberto-arrucha/,200,en,no,roberto-arrucha,3733,1,
https://theglobal.school/social-impact/,https://theglobal.school/social-impact/,200,en,no,social-impact,1345,3,
https://theglobal.school/social-innovation-canvas/,https://theglobal.school/social-innovation-canvas/,200,en,no,social-innovation-canvas,25733,11,
https://theglobal.school/social-innovation-matrix/,https://theglobal.school/social-innovation-matrix/,200,en,no,social-innovation-matrix,8254,11,
https://theglobal.school/social-intervention-frame/,https://theglobal.school/social-intervention-frame/,200,en,no,social-intervention-frame,15303,10,
https://theglobal.school/startups-and-speakers-applications/,https://theglobal.school/startups-and-speakers-applications/,200,en,no,startups-and-speakers-applications,755,4,
https://theglobal.school/team-engagement/,https://theglobal.school/team-engagement/,200,en,no,team-engagement,23915,12,
https://theglobal.school/terms/,https://theglobal.school/terms/,200,en,no,terms,52335,1,
https://theglobal.school/the-activist-journey/,https://theglobal.school/the-activist-journey/,200,en,no,the-activist-journey,10287,11,
https://theglobal.school/,https://theglobal.school/,200,en,no,theglobal.school,3814,10,
https://theglobal.school/the-new-global-school-communities-events-education/,https://theglobal.school/the-new-global-school-communities-events-education/,200,en,no,the-new-global-school-communities-events-education,4989,4,
https://theglobal.school/the-social-leader-storytelling/,https://theglobal.school/the-social-leader-storytelling/,200,en,no,the-social-leader-storytelling,11092,11,
https://theglobal.school/tools-for-founders/,https://theglobal.school/tools-for-founders/,200,en,no,tools-for-founders,142387,15,
https://theglobal.school/tools2/,https://theglobal.school/tools2/,200,en,no,tools2,76,0,
https://theglobal.school/trainers-from-the-global-south/,https://theglobal.school/trainers-from-the-global-south/,200,en,no,trainers-from-the-global-south,1979,1,
https://theglobal.school/values/,https://theglobal.school/values/,200,en,no,values,8124,11,
https://theglobal.school/5-lessons/,https://theglobal.school/5-lessons/,200,en,no,5-lessons,7102,2,
https://theglobal.school/a-message-for-greta-haters/,https://theglobal.school/a-message-for-greta-haters/,200,en,no,a-message-for-greta-haters,5149,1,
https://theglobal.school/airbnb-violence-survivors/,https://theglobal.school/airbnb-violence-survivors/,200,en,no,airbnb-violence-survivors,4449,0,
https://theglobal.school/carbon-economy/,https://theglobal.school/carbon-economy/,200,en,no,carbon-economy,2809,0,
https://theglobal.school/career-jumpers/,https://theglobal.school/career-jumpers/,200,en,no,career-jumpers,6966,1,
https://theglobal.school/consulting-vs-coaching-difference/,https://theglobal.school/consulting-vs-coaching-difference/,200,en,no,consulting-vs-coaching-difference,3655,2,
https://theglobal.school/crisis-in-europe-europes-worst-nightmare/,https://theglobal.school/crisis-in-europe-europes-worst-nightmare/,200,en,no,crisis-in-europe-europes-worst-nightmare,7036,0,
https://theglobal.school/cultural-transformation-by-leaders/,https://theglobal.school/cultural-transformation-by-leaders/,200,en,no,cultural-transformation-by-leaders,3691,1,
https://theglobal.school/digital-minimalism/,https://theglobal.school/digital-minimalism/,200,en,no,digital-minimalism,9195,5,
https://theglobal.school/doughnut-economics/,https://theglobal.school/doughnut-economics/,301,en,no,,0,0,no-200 ()
https://theglobal.school/driving-innovation/,https://theglobal.school/driving-innovation/,200,en,no,driving-innovation,3884,1,
https://theglobal.school/environmental-crisis/,https://theglobal.school/environmental-crisis/,200,en,no,environmental-crisis,12147,7,
https://theglobal.school/european-union-and-latin-american-eu-lac-celac/,https://theglobal.school/european-union-and-latin-american-eu-lac-celac/,200,en,no,european-union-and-latin-american-eu-lac-celac,13601,1,
https://theglobal.school/events-industry/,https://theglobal.school/events-industry/,200,en,no,events-industry,8383,2,
https://theglobal.school/five-lessons-from-extinction-rebellion/,https://theglobal.school/five-lessons-from-extinction-rebellion/,200,en,no,five-lessons-from-extinction-rebellion,5172,3,
https://theglobal.school/happiness-is-expensive/,https://theglobal.school/happiness-is-expensive/,200,en,no,happiness-is-expensive,7781,7,
https://theglobal.school/holistic-development/,https://theglobal.school/holistic-development/,200,en,no,holistic-development,13628,2,
https://theglobal.school/how-can-we-help-when-a-natural-disasters-happen/,https://theglobal.school/how-can-we-help-when-a-natural-disasters-happen/,200,en,no,how-can-we-help-when-a-natural-disasters-happen,9666,1,
https://theglobal.school/how-civil-society-action-led-to-fairer-taxation-in-mexico/,https://theglobal.school/how-civil-society-action-led-to-fairer-taxation-in-mexico/,200,en,no,how-civil-society-action-led-to-fairer-taxation-in-mexico,4899,2,
https://theglobal.school/how-consulting-businesses-are-working-online/,https://theglobal.school/how-consulting-businesses-are-working-online/,200,en,no,how-consulting-businesses-are-working-online,4713,2,
https://theglobal.school/how-to-stop-ai-from-cheating/,https://theglobal.school/how-to-stop-ai-from-cheating/,200,en,no,how-to-stop-ai-from-cheating,11974,0,
https://theglobal.school/journey-with-the-indigenous-of-brazil/,https://theglobal.school/journey-with-the-indigenous-of-brazil/,200,en,no,journey-with-the-indigenous-of-brazil,11409,8,
https://theglobal.school/latam-covid19/,https://theglobal.school/latam-covid19/,200,en,no,latam-covid19,9188,2,
https://theglobal.school/lessons-indigenous/,https://theglobal.school/lessons-indigenous/,200,en,no,lessons-indigenous,3268,1,
https://theglobal.school/letter-to-humanity-from-2050/,https://theglobal.school/letter-to-humanity-from-2050/,200,en,no,letter-to-humanity-from-2050,8405,4,
https://theglobal.school/localization-day/,https://theglobal.school/localization-day/,200,en,no,localization-day,6321,5,
https://theglobal.school/mexico-tackle-climate-refugees-migration/,https://theglobal.school/mexico-tackle-climate-refugees-migration/,200,en,no,mexico-tackle-climate-refugees-migration,1550,1,
https://theglobal.school/nature-solutions/,https://theglobal.school/nature-solutions/,200,en,no,nature-solutions,2894,0,
https://theglobal.school/new-era-the-global-school-for-new-leadership/,https://theglobal.school/new-era-the-global-school-for-new-leadership/,200,en,no,new-era-the-global-school-for-new-leadership,5184,3,
https://theglobal.school/pope-gay-marriage/,https://theglobal.school/pope-gay-marriage/,200,en,no,pope-gay-marriage,1609,0,
https://theglobal.school/purpose-driven-stories/,https://theglobal.school/purpose-driven-stories/,200,en,no,purpose-driven-stories,4216,0,
https://theglobal.school/recommendations/,https://theglobal.school/recommendations/,200,en,no,recommendations,11267,2,
https://theglobal.school/remote-work/,https://theglobal.school/remote-work/,200,en,no,remote-work,5722,3,
https://theglobal.school/saudi-arabias/,https://theglobal.school/saudi-arabias/,200,en,no,saudi-arabias,6015,2,
https://theglobal.school/sharing-power-public-trust/,https://theglobal.school/sharing-power-public-trust/,200,en,no,sharing-power-public-trust,4228,2,
https://theglobal.school/smart-city-vienna/,https://theglobal.school/smart-city-vienna/,200,en,no,smart-city-vienna,3381,1,
https://theglobal.school/survive-coronavirus/,https://theglobal.school/survive-coronavirus/,200,en,no,survive-coronavirus,4651,8,
https://theglobal.school/system-crisis/,https://theglobal.school/system-crisis/,200,en,no,system-crisis,9445,2,
https://theglobal.school/systems-change/,https://theglobal.school/systems-change/,200,en,no,systems-change,5879,1,
https://theglobal.school/tech-vs-covid19/,https://theglobal.school/tech-vs-covid19/,200,en,no,tech-vs-covid19,8480,1,
https://theglobal.school/tech-vs-mindfulness/,https://theglobal.school/tech-vs-mindfulness/,200,en,no,tech-vs-mindfulness,7727,6,
https://theglobal.school/the-battle-against-inequality-starts-in-mexico/,https://theglobal.school/the-battle-against-inequality-starts-in-mexico/,200,en,no,the-battle-against-inequality-starts-in-mexico,6284,2,
https://theglobal.school/the-holy-land-experience/,https://theglobal.school/the-holy-land-experience/,301,en,no,,0,0,no-200 ()
https://theglobal.school/the-youth-who-is-changing-the-world/,https://theglobal.school/the-youth-who-is-changing-the-world/,200,en,no,the-youth-who-is-changing-the-world,9518,1,
https://theglobal.school/tips-for-your-online-consulting-academy/,https://theglobal.school/tips-for-your-online-consulting-academy/,200,en,no,tips-for-your-online-consulting-academy,3782,3,
https://theglobal.school/tips-how-to-live-a-sustainable-lifestyle/,https://theglobal.school/tips-how-to-live-a-sustainable-lifestyle/,200,en,no,tips-how-to-live-a-sustainable-lifestyle,3276,1,
https://theglobal.school/top-10/,https://theglobal.school/top-10/,200,en,no,top-10,4666,1,
https://theglobal.school/un-antonio-guterres/,https://theglobal.school/un-antonio-guterres/,301,en,no,,0,0,no-200 ()
https://theglobal.school/war-china-vs-the-usa-climate-change/,https://theglobal.school/war-china-vs-the-usa-climate-change/,200,en,no,war-china-vs-the-usa-climate-change,4900,3,
https://theglobal.school/who-is-arora-akanksha/,https://theglobal.school/who-is-arora-akanksha/,200,en,no,who-is-arora-akanksha,2761,0,
https://theglobal.school/why-cultural-transformation-is-so-important-nowadays/,https://theglobal.school/why-cultural-transformation-is-so-important-nowadays/,200,en,no,why-cultural-transformation-is-so-important-nowadays,3426,1,
https://theglobal.school/wildlife-crime/,https://theglobal.school/wildlife-crime/,200,en,no,wildlife-crime,6844,2,
https://theglobal.school/women-leadership/,https://theglobal.school/women-leadership/,200,en,no,women-leadership,10151,9,
https://theglobal.school/project/purpose-driven-career-masterclass/,https://theglobal.school/project/purpose-driven-career-masterclass/,200,en,no,purpose-driven-career-masterclass,1999,1,
https://es.theglobal.school/404-2/,https://es.theglobal.school/404-2/,200,es,no,404-2,468,1,
https://es.theglobal.school/alianzas/,https://es.theglobal.school/alianzas/,200,es,no,alianzas,5031,8,
https://es.theglobal.school/alianzas-latam-awards/,https://es.theglobal.school/alianzas-latam-awards/,200,es,no,alianzas-latam-awards,3256,7,
https://es.theglobal.school/ana-baiardi-caf-cursos-de-liderazgo-y-estrategia/,https://es.theglobal.school/ana-baiardi-caf-cursos-de-liderazgo-y-estrategia/,200,es,no,ana-baiardi-caf-cursos-de-liderazgo-y-estrategia,4739,11,
https://es.theglobal.school/aqui-nadie-se-rinde/,https://es.theglobal.school/aqui-nadie-se-rinde/,200,es,no,aqui-nadie-se-rinde,4780,11,
https://es.theglobal.school/bienvenido-a-los-latin-american-leaders-awards/,https://es.theglobal.school/bienvenido-a-los-latin-american-leaders-awards/,200,es,no,bienvenido-a-los-latin-american-leaders-awards,31429,9,
https://es.theglobal.school/bienvenido-a-viena/,https://es.theglobal.school/bienvenido-a-viena/,200,es,no,bienvenido-a-viena,25576,12,
https://es.theglobal.school/blog/,https://es.theglobal.school/blog/,200,es,no,blog,5514,0,
https://es.theglobal.school/canvas-innovacion-social/,https://es.theglobal.school/canvas-innovacion-social/,200,es,no,canvas-innovacion-social,23163,12,
https://es.theglobal.school/capacitaciones-y-certificaciones-internacionales/,https://es.theglobal.school/capacitaciones-y-certificaciones-internacionales/,200,es,no,capacitaciones-y-certificaciones-internacionales,12110,16,
https://es.theglobal.school/centro-internacional-de-mejoramiento-de-maiz-y-trigo-cimmyt-latam/,https://es.theglobal.school/centro-internacional-de-mejoramiento-de-maiz-y-trigo-cimmyt-latam/,200,es,no,centro-internacional-de-mejoramiento-de-maiz-y-trigo-cimmyt-latam,6135,11,
https://es.theglobal.school/certificacion-en-desarrollo-sostenible-iso-37101/,https://es.theglobal.school/certificacion-en-desarrollo-sostenible-iso-37101/,200,es,no,certificacion-en-desarrollo-sostenible-iso-37101,12426,11,
https://es.theglobal.school/certificacion-en-gestion-ambiental-iso-14001/,https://es.theglobal.school/certificacion-en-gestion-ambiental-iso-14001/,200,es,no,certificacion-en-gestion-ambiental-iso-14001,13877,11,
https://es.theglobal.school/comunidad/,https://es.theglobal.school/comunidad/,200,es,no,comunidad,100,0,
https://es.theglobal.school/confirmacion-de-postulacion-latam-awards/,https://es.theglobal.school/confirmacion-de-postulacion-latam-awards/,200,es,no,confirmacion-de-postulacion-latam-awards,9222,13,
https://es.theglobal.school/conocimiento-europa/,https://es.theglobal.school/conocimiento-europa/,200,es,no,conocimiento-europa,14734,2,
https://es.theglobal.school/consultores-globales/,https://es.theglobal.school/consultores-globales/,200,es,no,consultores-globales,6811,4,
https://es.theglobal.school/contribuciones/,https://es.theglobal.school/contribuciones/,200,es,no,contribuciones,1453,0,
https://es.theglobal.school/contribuciones-mxn/,https://es.theglobal.school/contribuciones-mxn/,200,es,no,contribuciones-mxn,1457,0,
https://es.theglobal.school/crm-para-proyectos-sociales-y-ambientale/,https://es.theglobal.school/crm-para-proyectos-sociales-y-ambientale/,200,es,no,crm-para-proyectos-sociales-y-ambientale,11938,12,
https://es.theglobal.school/curiosidad-desierto-de-marruecos/,https://es.theglobal.school/curiosidad-desierto-de-marruecos/,200,es,no,curiosidad-desierto-de-marruecos,17829,3,
https://es.theglobal.school/curso-de-ingles-para-profesionales/,https://es.theglobal.school/curso-de-ingles-para-profesionales/,200,es,no,curso-de-ingles-para-profesionales,5000,9,
https://es.theglobal.school/curso-de-liderazgo-en-tiempos-de-incertidumbre/,https://es.theglobal.school/curso-de-liderazgo-en-tiempos-de-incertidumbre/,200,es,no,curso-de-liderazgo-en-tiempos-de-incertidumbre,7764,11,
https://es.theglobal.school/curso-gratis-de-liderazgo-compasivo/,https://es.theglobal.school/curso-gratis-de-liderazgo-compasivo/,200,es,no,curso-gratis-de-liderazgo-compasivo,5655,11,
https://es.theglobal.school/curso-gratis-en-liderazgo-para-emprendedoras/,https://es.theglobal.school/curso-gratis-en-liderazgo-para-emprendedoras/,200,es,no,curso-gratis-en-liderazgo-para-emprendedoras,4540,11,
https://es.theglobal.school/cursos-de-liderazgo-en-el-sector-publico/,https://es.theglobal.school/cursos-de-liderazgo-en-el-sector-publico/,200,es,no,cursos-de-liderazgo-en-el-sector-publico,9060,11,
https://es.theglobal.school/cursos-en-linea-de-liderazgo-organizacional/,https://es.theglobal.school/cursos-en-linea-de-liderazgo-organizacional/,200,es,no,cursos-en-linea-de-liderazgo-organizacional,5763,11,
https://es.theglobal.school/cursos-en-linea-de-liderazgo-proyectos-exitosos/,https://es.theglobal.school/cursos-en-linea-de-liderazgo-proyectos-exitosos/,200,es,no,cursos-en-linea-de-liderazgo-proyectos-exitosos,6293,11,
https://es.theglobal.school/cursos-gratis-de-liderazgo-en-accion-climatica/,https://es.theglobal.school/cursos-gratis-de-liderazgo-en-accion-climatica/,200,es,no,cursos-gratis-de-liderazgo-en-accion-climatica,5955,11,
https://es.theglobal.school/cursos-gratis-de-liderazgo-y-estrategia/,https://es.theglobal.school/cursos-gratis-de-liderazgo-y-estrategia/,200,es,no,cursos-gratis-de-liderazgo-y-estrategia,10716,25,
https://es.theglobal.school/cursos-gratis-de-liderazgo-y-estrategia-exito-proyectos/,https://es.theglobal.school/cursos-gratis-de-liderazgo-y-estrategia-exito-proyectos/,200,es,no,cursos-gratis-de-liderazgo-y-estrategia-exito-proyectos,6296,11,
https://es.theglobal.school/cursos-gratis-liderazgo-organizacional/,https://es.theglobal.school/cursos-gratis-liderazgo-organizacional/,200,es,no,cursos-gratis-liderazgo-organizacional,6408,11,
https://es.theglobal.school/cursos-gratis-liderazgo-y-estrategia-emprendedores-sociales/,https://es.theglobal.school/cursos-gratis-liderazgo-y-estrategia-emprendedores-sociales/,200,es,no,cursos-gratis-liderazgo-y-estrategia-emprendedores-sociales,7368,11,
https://es.theglobal.school/dario-ibarguengoitia/,https://es.theglobal.school/dario-ibarguengoitia/,200,es,no,dario-ibarguengoitia,4551,11,
https://es.theglobal.school/decision-making/,https://es.theglobal.school/decision-making/,200,es,no,decision-making,16149,12,
https://es.theglobal.school/destinos-inteligentes-tequila/,https://es.theglobal.school/destinos-inteligentes-tequila/,200,es,no,destinos-inteligentes-tequila,5102,11,
https://es.theglobal.school/diana-siguenza/,https://es.theglobal.school/diana-siguenza/,200,es,no,diana-siguenza,4932,11,
https://es.theglobal.school/diplomado-ejecutivo-viena-calidad-de-vida-y-ciudad-inteligente/,https://es.theglobal.school/diplomado-ejecutivo-viena-calidad-de-vida-y-ciudad-inteligente/,200,es,no,diplomado-ejecutivo-viena-calidad-de-vida-y-ciudad-inteligente,16560,18,
https://es.theglobal.school/diplomados-ejecutivos-europa/,https://es.theglobal.school/diplomados-ejecutivos-europa/,200,es,no,diplomados-ejecutivos-europa,7969,12,
https://es.theglobal.school/educacion-global-para-lideres-de-gobierno-y-empresa/,https://es.theglobal.school/,200,es,yes,es.theglobal.school,7166,20,
https://es.theglobal.school/el-verdadero-proposito-del-lider/,https://es.theglobal.school/el-verdadero-proposito-del-lider/,200,es,no,el-verdadero-proposito-del-lider,9007,12,
https://es.theglobal.school/eligiendo-a-tu-equipo/,https://es.theglobal.school/eligiendo-a-tu-equipo/,200,es,no,eligiendo-a-tu-equipo,15936,12,
https://es.theglobal.school/empatia-en-la-costa-swahili/,https://es.theglobal.school/empatia-en-la-costa-swahili/,200,es,no,empatia-en-la-costa-swahili,7341,2,
https://es.theglobal.school/entradas-latin-american-leaders-awards/,https://es.theglobal.school/entradas-latin-american-leaders-awards/,200,es,no,entradas-latin-american-leaders-awards,11138,8,
https://es.theglobal.school/equipo-latam-awards/,https://es.theglobal.school/equipo-latam-awards/,200,es,no,equipo-latam-awards,12668,7,
https://es.theglobal.school/estrategia-liderazgo-productividad-herramientas-innovador/,https://es.theglobal.school/estrategia-liderazgo-productividad-herramientas-innovador/,200,es,no,estrategia-liderazgo-productividad-herramientas-innovador,6409,14,
https://es.theglobal.school/estrategia-y-planeacion-para-lideres/,https://es.theglobal.school/estrategia-y-planeacion-para-lideres/,200,es,no,estrategia-y-planeacion-para-lideres,6139,13,
https://es.theglobal.school/eva-robles/,https://es.theglobal.school/eva-robles/,200,es,no,eva-robles,5527,11,
https://es.theglobal.school/falsa-denuncia-contra-roberto-arrucha-director-de-the-global-school/,https://es.theglobal.school/falsa-denuncia-contra-roberto-arrucha-director-de-the-global-school/,200,es,no,falsa-denuncia-contra-roberto-arrucha-director-de-the-global-school,6867,4,
https://es.theglobal.school/fernando-ivan-flores-macias/,https://es.theglobal.school/fernando-ivan-flores-macias/,200,es,no,fernando-ivan-flores-macias,1514,1,
https://es.theglobal.school/franquicias-y-representantes-oficiales/,https://es.theglobal.school/franquicias-y-representantes-oficiales/,200,es,no,franquicias-y-representantes-oficiales,6772,13,
https://es.theglobal.school/green-cloud/,https://es.theglobal.school/green-cloud/,200,es,no,green-cloud,5155,11,
https://es.theglobal.school/herramientas/,https://es.theglobal.school/herramientas/,200,es,no,herramientas,100,0,
https://es.theglobal.school/herramientas-de-inteligencia-artificial/,https://es.theglobal.school/herramientas-de-inteligencia-artificial/,200,es,no,herramientas-de-inteligencia-artificial,6359,14,
https://es.theglobal.school/identidad-en-india/,https://es.theglobal.school/identidad-en-india/,200,es,no,identidad-en-india,15729,3,
https://es.theglobal.school/impacto-social/,https://es.theglobal.school/impacto-social/,200,es,no,impacto-social,3526,3,
https://es.theglobal.school/inicia-como-representante/,https://es.theglobal.school/inicia-como-representante/,200,es,no,inicia-como-representante,0,0,
https://es.theglobal.school/innovation-box/,https://es.theglobal.school/innovation-box/,301,es,no,,0,0,no-200 ()
https://es.theglobal.school/inteligencia-artificial/,https://es.theglobal.school/inteligencia-artificial/,200,es,no,inteligencia-artificial,6340,14,
https://es.theglobal.school/intervencion-social/,https://es.theglobal.school/intervencion-social/,200,es,no,intervencion-social,14029,12,
https://es.theglobal.school/invitacion-masterclass/,https://es.theglobal.school/invitacion-masterclass/,200,es,no,invitacion-masterclass,8313,9,
https://es.theglobal.school/jesus-en-los-himalayas-india/,https://es.theglobal.school/jesus-en-los-himalayas-india/,200,es,no,jesus-en-los-himalayas-india,8108,2,
https://es.theglobal.school/la-ruta-del-activista/,https://es.theglobal.school/la-ruta-del-activista/,200,es,no,la-ruta-del-activista,9546,12,
https://es.theglobal.school/latin-america-leaders-awards/,https://es.theglobal.school/latin-america-leaders-awards/,200,es,no,latin-america-leaders-awards,29919,20,
https://es.theglobal.school/leaders-awards/,https://es.theglobal.school/leaders-awards/,200,es,no,leaders-awards,1747,6,
https://es.theglobal.school/lider-evaluacion-holistica/,https://es.theglobal.school/lider-evaluacion-holistica/,200,es,no,lider-evaluacion-holistica,8581,12,
https://es.theglobal.school/liderazgo-desde-la-cuna-curso/,https://es.theglobal.school/liderazgo-desde-la-cuna-curso/,200,es,no,liderazgo-desde-la-cuna-curso,5335,11,
https://es.theglobal.school/liderazgo-en-economia-circular/,https://es.theglobal.school/liderazgo-en-economia-circular/,200,es,no,liderazgo-en-economia-circular,5206,11,
https://es.theglobal.school/liderazgo-inteligente-sureco-partners/,https://es.theglobal.school/liderazgo-inteligente-sureco-partners/,200,es,no,liderazgo-inteligente-sureco-partners,4902,11,
https://es.theglobal.school/liderazgo-publico-para-la-accion-climatica/,https://es.theglobal.school/liderazgo-publico-para-la-accion-climatica/,200,es,no,liderazgo-publico-para-la-accion-climatica,6202,11,
https://es.theglobal.school/liderazgo-y-accion-social-empresarial/,https://es.theglobal.school/liderazgo-y-accion-social-empresarial/,200,es,no,liderazgo-y-accion-social-empresarial,6556,11,
https://es.theglobal.school/liderazgo-y-ecologia/,https://es.theglobal.school/liderazgo-y-ecologia/,200,es,no,liderazgo-y-ecologia,5275,11,
https://es.theglobal.school/liderazgo-y-gestion-publica/,https://es.theglobal.school/liderazgo-y-gestion-publica/,200,es,no,liderazgo-y-gestion-publica,5699,11,
https://es.theglobal.school/los-objetivos-del-desarrollo-humano/,https://es.theglobal.school/los-objetivos-del-desarrollo-humano/,200,es,no,los-objetivos-del-desarrollo-humano,8417,8,
https://es.theglobal.school/los-valores-de-mi-proyecto-social/,https://es.theglobal.school/los-valores-de-mi-proyecto-social/,200,es,no,los-valores-de-mi-proyecto-social,7433,12,
https://es.theglobal.school/malegarcia/,https://es.theglobal.school/malegarcia/,200,es,no,malegarcia,6360,11,
https://es.theglobal.school/masterclass-liderazgo-organizacional/,https://es.theglobal.school/masterclass-liderazgo-organizacional/,200,es,no,masterclass-liderazgo-organizacional,6408,11,
https://es.theglobal.school/matriz-innovacion-social/,https://es.theglobal.school/matriz-innovacion-social/,200,es,no,matriz-innovacion-social,7454,12,
https://es.theglobal.school/miembros/,https://es.theglobal.school/miembros/,200,es,no,miembros,149625,14,
https://es.theglobal.school/miembros-asociados/,https://es.theglobal.school/miembros-asociados/,200,es,no,miembros-asociados,6966,13,
https://es.theglobal.school/mujeres-autenticas/,https://es.theglobal.school/mujeres-autenticas/,200,es,no,mujeres-autenticas,27993,8,
https://es.theglobal.school/mujeres-autenticas-votaciones/,https://es.theglobal.school/mujeres-autenticas-votaciones/,200,es,no,mujeres-autenticas-votaciones,4066,13,
https://es.theglobal.school/nominaciones-latin-american-leaders-awards/,https://awards.pro-latam.org/nominate,200,es,yes,nominate,1536,0,
https://es.theglobal.school/nominaciones-mujeres-autenticas/,https://awards.pro-latam.org/nominate,200,es,yes,nominate,1536,0,
https://es.theglobal.school/nosotros/,https://es.theglobal.school/nosotros/,200,es,no,nosotros,9119,20,
https://es.theglobal.school/objectives-and-key-results-okrs/,https://es.theglobal.school/objectives-and-key-results-okrs/,200,es,no,objectives-and-key-results-okrs,11611,12,
https://es.theglobal.school/objetivos-y-resultados-clave-okrs/,https://es.theglobal.school/objetivos-y-resultados-clave-okrs/,200,es,no,objetivos-y-resultados-clave-okrs,9165,12,
https://es.theglobal.school/pasantias-pagadas-analisis-y-creacion-de-contenido/,https://es.theglobal.school/pasantias-pagadas-analisis-y-creacion-de-contenido/,301,es,no,,0,0,no-200 ()
https://es.theglobal.school/politicas/,https://es.theglobal.school/politicas/,200,es,no,politicas,127388,0,
https://es.theglobal.school/premiados-2022-latin-american-leaders-awards/,https://es.theglobal.school/premiados-2022-latin-american-leaders-awards/,200,es,no,premiados-2022-latin-american-leaders-awards,14970,27,
https://es.theglobal.school/premiados-2023-latin-american-leaders-awards/,https://es.theglobal.school/premiados-2023-latin-american-leaders-awards/,200,es,no,premiados-2023-latin-american-leaders-awards,7122,24,
https://es.theglobal.school/premios-verdes-curso-de-liderazgo-y-estrategia/,https://es.theglobal.school/premios-verdes-curso-de-liderazgo-y-estrategia/,200,es,no,premios-verdes-curso-de-liderazgo-y-estrategia,5429,11,
https://es.theglobal.school/prepara-tu-programa/,https://es.theglobal.school/prepara-tu-programa/,200,es,no,prepara-tu-programa,25513,14,
https://es.theglobal.school/productividad-para-proyectos-sociales/,https://es.theglobal.school/productividad-para-proyectos-sociales/,200,es,no,productividad-para-proyectos-sociales,7963,12,
https://es.theglobal.school/productivity-board/,https://es.theglobal.school/productivity-board/,200,es,no,productivity-board,10350,12,
https://es.theglobal.school/roberto-arrucha/,https://es.theglobal.school/roberto-arrucha/,200,es,no,roberto-arrucha,6600,6,
https://es.theglobal.school/roberto-arrucha-libro/,https://es.theglobal.school/roberto-arrucha-libro/,200,es,no,roberto-arrucha-libro,9637,6,
https://es.theglobal.school/sambito-curso-de-liderazgo-y-estrategia/,https://es.theglobal.school/sambito-curso-de-liderazgo-y-estrategia/,200,es,no,sambito-curso-de-liderazgo-y-estrategia,4961,11,
https://es.theglobal.school/seminario-internacional-de-alta-especializacion-en-pld-y-compliance/,https://es.theglobal.school/seminario-internacional-de-alta-especializacion-en-pld-y-compliance/,200,es,no,seminario-internacional-de-alta-especializacion-en-pld-y-compliance,7066,10,
https://es.theglobal.school/storytelling-para-lideres-sociales/,https://es.theglobal.school/storytelling-para-lideres-sociales/,200,es,no,storytelling-para-lideres-sociales,10115,12,
https://es.theglobal.school/tacita-de-cafe/,https://es.theglobal.school/tacita-de-cafe/,200,es,no,tacita-de-cafe,11192,0,
https://es.theglobal.school/tomar-decisiones-como-lider/,https://es.theglobal.school/tomar-decisiones-como-lider/,200,es,no,tomar-decisiones-como-lider,13756,12,
https://es.theglobal.school/trafico-de-personas-masterclass-espanol/,https://es.theglobal.school/trafico-de-personas-masterclass-espanol/,200,es,no,trafico-de-personas-masterclass-espanol,2466,5,
https://es.theglobal.school/tu-escuela-global-comunidad-eventos-educacion/,https://es.theglobal.school/tu-escuela-global-comunidad-eventos-educacion/,200,es,no,tu-escuela-global-comunidad-eventos-educacion,6048,4,
https://es.theglobal.school/tzunun/,https://es.theglobal.school/tzunun/,200,es,no,tzunun,5482,11,
https://es.theglobal.school/viajes-educativos-a-europa/,https://es.theglobal.school/viajes-educativos-a-europa/,200,es,no,viajes-educativos-a-europa,8489,12,
https://es.theglobal.school/votaciones-latin-american-leaders-awards/,https://es.theglobal.school/votaciones-latin-american-leaders-awards/,200,es,no,votaciones-latin-american-leaders-awards,20100,20,
https://es.theglobal.school/welcome/,https://es.theglobal.school/welcome/,200,es,no,welcome,26174,6,
https://es.theglobal.school/5-consejos-vida-sustentable/,https://theglobal.school/tips-how-to-live-a-sustainable-lifestyle/,200,es,yes,tips-how-to-live-a-sustainable-lifestyle,3276,1,
https://es.theglobal.school/5-lecciones/,https://es.theglobal.school/5-lecciones/,200,es,no,5-lecciones,7853,2,
https://es.theglobal.school/7-educadores-ambientales-que-te-van-a-inspirar/,https://es.theglobal.school/7-educadores-ambientales-que-te-van-a-inspirar/,200,es,no,7-educadores-ambientales-que-te-van-a-inspirar,7722,12,
https://es.theglobal.school/actuemos-latin-american-leaders-awards-nominados-2022/,https://es.theglobal.school/actuemos-latin-american-leaders-awards-nominados-2022/,200,es,no,actuemos-latin-american-leaders-awards-nominados-2022,5944,1,
https://es.theglobal.school/airbnb-alojamiento-gratuito/,https://es.theglobal.school/airbnb-alojamiento-gratuito/,200,es,no,airbnb-alojamiento-gratuito,5058,0,
https://es.theglobal.school/alerta-isla-riesco-chile-nominados-2022-latin-american-leaders-awards/,https://es.theglobal.school/alerta-isla-riesco-chile-nominados-2022-latin-american-leaders-awards/,200,es,no,alerta-isla-riesco-chile-nominados-2022-latin-american-leaders-awards,11051,1,
https://es.theglobal.school/amigos-del-viento-latin-american-leaders-awards-nominados-2022/,https://es.theglobal.school/amigos-del-viento-latin-american-leaders-awards-nominados-2022/,200,es,no,amigos-del-viento-latin-american-leaders-awards-nominados-2022,7674,0,
https://es.theglobal.school/ana-carolina-benavides-martinez-latin-american-social-leaders-awards/,https://es.theglobal.school/ana-carolina-benavides-martinez-latin-american-social-leaders-awards/,200,es,no,ana-carolina-benavides-martinez-latin-american-social-leaders-awards,6669,2,
https://es.theglobal.school/aqui-nadie-se-rinde/,https://es.theglobal.school/aqui-nadie-se-rinde/,200,es,no,aqui-nadie-se-rinde,4780,11,
https://es.theglobal.school/arabia-saudita/,https://es.theglobal.school/arabia-saudita/,200,es,no,arabia-saudita,7354,6,
https://es.theglobal.school/asociacion-mexicana-de-hidrogeno-latin-american-leaders-awards-nominados-2022/,https://es.theglobal.school/asociacion-mexicana-de-hidrogeno-latin-american-leaders-awards-nominados-2022/,200,es,no,asociacion-mexicana-de-hidrogeno-latin-american-leaders-awards-nominados-2022,5457,1,
https://es.theglobal.school/blanca-mery-sanchez-nominados-2022/,https://es.theglobal.school/blanca-mery-sanchez-nominados-2022/,200,es,no,blanca-mery-sanchez-nominados-2022,9641,2,
https://es.theglobal.school/bottleyes-latin-american-leaders-awards-nominados-2022/,https://es.theglobal.school/bottleyes-latin-american-leaders-awards-nominados-2022/,200,es,no,bottleyes-latin-american-leaders-awards-nominados-2022,6927,1,
https://es.theglobal.school/bruno-mahfuz-nominados-2022-latin-american-leaders-awards/,https://es.theglobal.school/bruno-mahfuz-nominados-2022-latin-american-leaders-awards/,200,es,no,bruno-mahfuz-nominados-2022-latin-american-leaders-awards,5037,0,
https://es.theglobal.school/carolina-esperanza-real-casas-latin-american-social-leaders-awards/,https://es.theglobal.school/carolina-esperanza-real-casas-latin-american-social-leaders-awards/,200,es,no,carolina-esperanza-real-casas-latin-american-social-leaders-awards,5067,3,
https://es.theglobal.school/carolina-munoz-latin-american-social-leaders-awards/,https://es.theglobal.school/carolina-munoz-latin-american-social-leaders-awards/,200,es,no,carolina-munoz-latin-american-social-leaders-awards,7301,3,
https://es.theglobal.school/carta-a-la-humanidad-desde-2050/,https://es.theglobal.school/carta-a-la-humanidad-desde-2050/,200,es,no,carta-a-la-humanidad-desde-2050,17919,9,
https://es.theglobal.school/carta-a-la-humanidad-desde-2100/,https://es.theglobal.school/carta-a-la-humanidad-desde-2100/,200,es,no,carta-a-la-humanidad-desde-2100,17976,10,
https://es.theglobal.school/carta-a-la-humanidad-desde-el-2050-christina-figueres/,https://es.theglobal.school/carta-a-la-humanidad-desde-el-2050-christina-figueres/,200,es,no,carta-a-la-humanidad-desde-el-2050-christina-figueres,9892,5,
https://es.theglobal.school/claudia-verenice-acedo-ruiz/,https://es.theglobal.school/claudia-verenice-acedo-ruiz/,200,es,no,claudia-verenice-acedo-ruiz,6905,3,
https://es.theglobal.school/cleantech-hub-latin-american-leaders-awards-nominados-2022/,https://es.theglobal.school/cleantech-hub-latin-american-leaders-awards-nominados-2022/,200,es,no,cleantech-hub-latin-american-leaders-awards-nominados-2022,8879,1,
https://es.theglobal.school/clima-lab-latin-american-leaders-awards/,https://es.theglobal.school/clima-lab-latin-american-leaders-awards/,200,es,no,clima-lab-latin-american-leaders-awards,21784,1,
https://es.theglobal.school/como-ayudar-ante-un-desastre-natural/,https://theglobal.school/how-can-we-help-when-a-natural-disasters-happen/,200,es,yes,how-can-we-help-when-a-natural-disasters-happen,9666,1,
https://es.theglobal.school/como-me-afecta-el-nuevo-acuerdo-de-la-union-europea-y-mexico/,https://es.theglobal.school/como-me-afecta-el-nuevo-acuerdo-de-la-union-europea-y-mexico/,200,es,no,como-me-afecta-el-nuevo-acuerdo-de-la-union-europea-y-mexico,4848,3,
https://es.theglobal.school/como-podemos-ayudar-mejor-ante-un-desastre/,https://es.theglobal.school/como-podemos-ayudar-mejor-ante-un-desastre/,200,es,no,como-podemos-ayudar-mejor-ante-un-desastre,9666,1,
https://es.theglobal.school/como-unirse-a-un-movimiento-feminista-cuando-eres-hombre/,https://es.theglobal.school/como-unirse-a-un-movimiento-feminista-cuando-eres-hombre/,200,es,no,como-unirse-a-un-movimiento-feminista-cuando-eres-hombre,2486,2,
https://es.theglobal.school/comparte-por-una-vida-colombia-latin-american-leaders-awards-nominados-2022/,https://es.theglobal.school/comparte-por-una-vida-colombia-latin-american-leaders-awards-nominados-2022/,200,es,no,comparte-por-una-vida-colombia-latin-american-leaders-awards-nominados-2022,12312,1,
https://es.theglobal.school/compartir-el-poder-para-reconstruir-la-confianza-publica/,https://es.theglobal.school/compartir-el-poder-para-reconstruir-la-confianza-publica/,200,es,no,compartir-el-poder-para-reconstruir-la-confianza-publica,5145,5,
https://es.theglobal.school/consejos-organizar-evento-online/,https://es.theglobal.school/consejos-organizar-evento-online/,200,es,no,consejos-organizar-evento-online,17161,1,
https://es.theglobal.school/conviertete-en-analista-columnista/,https://es.theglobal.school/conviertete-en-analista-columnista/,200,es,no,conviertete-en-analista-columnista,9119,3,
https://es.theglobal.school/coronavirus-vs-latam/,https://es.theglobal.school/coronavirus-vs-latam/,200,es,no,coronavirus-vs-latam,83271,1,
https://es.theglobal.school/corresponsabilidad-social/,https://es.theglobal.school/corresponsabilidad-social/,200,es,no,corresponsabilidad-social,9796,6,
https://es.theglobal.school/crisis-ambiental/,https://es.theglobal.school/crisis-ambiental/,200,es,no,crisis-ambiental,14651,9,
https://es.theglobal.school/crisis-global/,https://es.theglobal.school/crisis-global/,200,es,no,crisis-global,11901,4,
https://es.theglobal.school/daniel-medvedovsky-latin-american-social-leaders-awards/,https://es.theglobal.school/daniel-medvedovsky-latin-american-social-leaders-awards/,200,es,no,daniel-medvedovsky-latin-american-social-leaders-awards,5333,2,
https://es.theglobal.school/decrecimiento/,https://es.theglobal.school/decrecimiento/,200,es,no,decrecimiento,64281,2,
https://es.theglobal.school/desarrollo-sostenible/,https://es.theglobal.school/desarrollo-sostenible/,200,es,no,desarrollo-sostenible,6884,5,
https://es.theglobal.school/direccion-de-cambio-climatico-panama-nominados-2022-latin-american-leaders-awards/,https://es.theglobal.school/direccion-de-cambio-climatico-panama-nominados-2022-latin-american-leaders-awards/,200,es,no,direccion-de-cambio-climatico-panama-nominados-2022-latin-american-leaders-awards,8185,1,
https://es.theglobal.school/direccion-de-movilidad-y-transporte-de-zapopan-latin-american-leaders-awards-nominados-2022/,https://es.theglobal.school/direccion-de-movilidad-y-transporte-de-zapopan-latin-american-leaders-awards-nominados-2022/,200,es,no,direccion-de-movilidad-y-transporte-de-zapopan-latin-american-leaders-awards-nominados-2022,8032,1,
https://es.theglobal.school/doctor-terra-latin-american-leaders-awards-nominados-2022/,https://es.theglobal.school/doctor-terra-latin-american-leaders-awards-nominados-2022/,200,es,no,doctor-terra-latin-american-leaders-awards-nominados-2022,10608,1,
https://es.theglobal.school/doris-mujica-latin-american-social-leaders-awards/,https://es.theglobal.school/doris-mujica-latin-american-social-leaders-awards/,200,es,no,doris-mujica-latin-american-social-leaders-awards,4715,2,
https://es.theglobal.school/dunnia-marin-corrales-latin-american-leaders-awards-nominados-2022/,https://es.theglobal.school/dunnia-marin-corrales-latin-american-leaders-awards-nominados-2022/,200,es,no,dunnia-marin-corrales-latin-american-leaders-awards-nominados-2022,7815,1,
https://es.theglobal.school/economia-de-la-dona/,https://es.theglobal.school/economia-de-la-dona/,200,es,no,economia-de-la-dona,15180,4,
https://es.theglobal.school/el-capitalismo-ha-muerto/,https://es.theglobal.school/el-capitalismo-ha-muerto/,200,es,no,el-capitalismo-ha-muerto,18013,3,
https://es.theglobal.school/el-movimiento-feminista-puede-aprender-del-movimiento-ambiental/,https://es.theglobal.school/el-movimiento-feminista-puede-aprender-del-movimiento-ambiental/,200,es,no,el-movimiento-feminista-puede-aprender-del-movimiento-ambiental,7253,2,
https://es.theglobal.school/el-primer-compendio-de-tecnologias-indigenas-proporciona-un-poderoso-conjunto-de-herramientas-para-un-diseno-resistente-al-clima/,https://es.theglobal.school/el-primer-compendio-de-tecnologias-indigenas-proporciona-un-poderoso-conjunto-de-herramientas-para-un-diseno-resistente-al-clima/,200,es,no,el-primer-compendio-de-tecnologias-indigenas-proporciona-un-poderoso-conjunto-de-herramientas-para-un-diseno-resistente-al-clima,10979,7,
https://es.theglobal.school/el-tema-latin-american-leaders-awards-nominados-2022/,https://es.theglobal.school/el-tema-latin-american-leaders-awards-nominados-2022/,200,es,no,el-tema-latin-american-leaders-awards-nominados-2022,7647,1,
https://es.theglobal.school/el-ultimo-latinoamericano-en-dirigir-la-onu/,https://es.theglobal.school/el-ultimo-latinoamericano-en-dirigir-la-onu/,200,es,no,el-ultimo-latinoamericano-en-dirigir-la-onu,6144,6,
https://es.theglobal.school/entre-techos-suelos-y-laberintos-la-trayectoria-profesional-de-las-mujeres/,https://es.theglobal.school/entre-techos-suelos-y-laberintos-la-trayectoria-profesional-de-las-mujeres/,200,es,no,entre-techos-suelos-y-laberintos-la-trayectoria-profesional-de-las-mujeres,6011,2,
https://es.theglobal.school/es-chatgpt-peligroso/,https://es.theglobal.school/es-chatgpt-peligroso/,200,es,no,es-chatgpt-peligroso,4487,1,
https://es.theglobal.school/esclavitud-del-liderazgo/,https://es.theglobal.school/esclavitud-del-liderazgo/,200,es,no,esclavitud-del-liderazgo,10121,2,
https://es.theglobal.school/estrategias-para-ciudades-seguras-y-sustentables/,https://es.theglobal.school/estrategias-para-ciudades-seguras-y-sustentables/,200,es,no,estrategias-para-ciudades-seguras-y-sustentables,8710,4,
https://es.theglobal.school/estudio-actividad-fisica/,https://es.theglobal.school/estudio-actividad-fisica/,200,es,no,estudio-actividad-fisica,4286,2,
https://es.theglobal.school/european-union-and-latin-american-eu-lac-celac/,https://es.theglobal.school/european-union-and-latin-american-eu-lac-celac/,200,es,no,european-union-and-latin-american-eu-lac-celac,15179,1,
https://es.theglobal.school/eventos-coronavirus/,https://es.theglobal.school/eventos-coronavirus/,200,es,no,eventos-coronavirus,8149,1,
https://es.theglobal.school/extincion-o-evolucion/,https://es.theglobal.school/extincion-o-evolucion/,200,es,no,extincion-o-evolucion,4803,2,
https://es.theglobal.school/fabian-andres-vaca-haro-latin-american-social-leaders-awards/,https://es.theglobal.school/fabian-andres-vaca-haro-latin-american-social-leaders-awards/,200,es,no,fabian-andres-vaca-haro-latin-american-social-leaders-awards,4206,3,
https://es.theglobal.school/federico-de-arteaga-nominados-2022/,https://es.theglobal.school/federico-de-arteaga-nominados-2022/,200,es,no,federico-de-arteaga-nominados-2022,5699,1,
https://es.theglobal.school/festival-de-la-veda-gobierno-de-yucatan-latin-american-leaders-awards-nominados-2022/,https://es.theglobal.school/festival-de-la-veda-gobierno-de-yucatan-latin-american-leaders-awards-nominados-2022/,200,es,no,festival-de-la-veda-gobierno-de-yucatan-latin-american-leaders-awards-nominados-2022,9566,1,
https://es.theglobal.school/fundacion-genval-latin-american-leaders-awards-nominados-2022/,https://es.theglobal.school/fundacion-genval-latin-american-leaders-awards-nominados-2022/,200,es,no,fundacion-genval-latin-american-leaders-awards-nominados-2022,7483,0,
https://es.theglobal.school/fundacion-nueva-oportunidad-latin-american-leaders-awards-nominados-2022/,https://es.theglobal.school/fundacion-nueva-oportunidad-latin-american-leaders-awards-nominados-2022/,200,es,no,fundacion-nueva-oportunidad-latin-american-leaders-awards-nominados-2022,5860,0,
https://es.theglobal.school/fundacion-tigres-latin-american-leaders-awards-nominados-2022/,https://es.theglobal.school/fundacion-tigres-latin-american-leaders-awards-nominados-2022/,200,es,no,fundacion-tigres-latin-american-leaders-awards-nominados-2022,6762,1,
https://es.theglobal.school/futuros-indigenas-latin-american-leaders-awards-nominados-2022/,https://es.theglobal.school/futuros-indigenas-latin-american-leaders-awards-nominados-2022/,200,es,no,futuros-indigenas-latin-american-leaders-awards-nominados-2022,3395,0,
https://es.theglobal.school/gabriel-orozco-latin-american-social-leaders-awards/,https://es.theglobal.school/gabriel-orozco-latin-american-social-leaders-awards/,200,es,no,gabriel-orozco-latin-american-social-leaders-awards,7488,2,
https://es.theglobal.school/german-santillan-latin-american-social-leaders-awards/,https://es.theglobal.school/german-santillan-latin-american-social-leaders-awards/,200,es,no,german-santillan-latin-american-social-leaders-awards,8594,3,
https://es.theglobal.school/gestica-nominados-2022-latin-american-leaders-awards/,https://es.theglobal.school/gestica-nominados-2022-latin-american-leaders-awards/,200,es,no,gestica-nominados-2022-latin-american-leaders-awards,6996,1,
https://es.theglobal.school/gflac-latin-american-leaders-awards-nominados-2022/,https://es.theglobal.school/gflac-latin-american-leaders-awards-nominados-2022/,200,es,no,gflac-latin-american-leaders-awards-nominados-2022,11204,1,
https://es.theglobal.school/gloria-patricia-vergara-sucerquia-latin-american-social-leaders-awards/,https://es.theglobal.school/gloria-patricia-vergara-sucerquia-latin-american-social-leaders-awards/,200,es,no,gloria-patricia-vergara-sucerquia-latin-american-social-leaders-awards,6392,3,
https://es.theglobal.school/gonzalo-munoz-abogabir-latin-american-leaders-awards-nominados-2022/,https://es.theglobal.school/gonzalo-munoz-abogabir-latin-american-leaders-awards-nominados-2022/,200,es,no,gonzalo-munoz-abogabir-latin-american-leaders-awards-nominados-2022,7554,0,
https://es.theglobal.school/guerra-china-contra-eeuu-y-cambio-climatico/,https://es.theglobal.school/guerra-china-contra-eeuu-y-cambio-climatico/,200,es,no,guerra-china-contra-eeuu-y-cambio-climatico,4848,3,
https://es.theglobal.school/happynar-latin-american-leaders-awards-nominados-2022/,https://es.theglobal.school/happynar-latin-american-leaders-awards-nominados-2022/,200,es,no,happynar-latin-american-leaders-awards-nominados-2022,7164,1,
https://es.theglobal.school/indigenas-covid19/,https://es.theglobal.school/indigenas-covid19/,200,es,no,indigenas-covid19,13335,6,
https://es.theglobal.school/ingrid-orozco-latin-american-social-leaders-awards/,https://es.theglobal.school/ingrid-orozco-latin-american-social-leaders-awards/,200,es,no,ingrid-orozco-latin-american-social-leaders-awards,6134,2,
https://es.theglobal.school/itzel-vianey-casillas-casillas-latin-american-leaders-social-awards/,https://es.theglobal.school/itzel-vianey-casillas-casillas-latin-american-leaders-social-awards/,200,es,no,itzel-vianey-casillas-casillas-latin-american-leaders-social-awards,7496,3,
https://es.theglobal.school/ivan-enrique-medina-mina-latin-american-social-leaders-awards/,https://es.theglobal.school/ivan-enrique-medina-mina-latin-american-social-leaders-awards/,200,es,no,ivan-enrique-medina-mina-latin-american-social-leaders-awards,4764,2,
https://es.theglobal.school/jazmin-fallas-kerr-latin-american-social-leaders-awards/,https://es.theglobal.school/jazmin-fallas-kerr-latin-american-social-leaders-awards/,200,es,no,jazmin-fallas-kerr-latin-american-social-leaders-awards,8695,3,
https://es.theglobal.school/johanna-del-carmen-acosta-chico-latin-american-social-leaders-awards/,https://es.theglobal.school/johanna-del-carmen-acosta-chico-latin-american-social-leaders-awards/,200,es,no,johanna-del-carmen-acosta-chico-latin-american-social-leaders-awards,6595,2,
https://es.theglobal.school/jorge-adrian-medina-martin-latin-american-social-leaders-awards/,https://es.theglobal.school/jorge-adrian-medina-martin-latin-american-social-leaders-awards/,200,es,no,jorge-adrian-medina-martin-latin-american-social-leaders-awards,11509,3,
https://es.theglobal.school/juan-felipe-cajiga-latin-american-leaders-awards/,https://es.theglobal.school/juan-felipe-cajiga-latin-american-leaders-awards/,200,es,no,juan-felipe-cajiga-latin-american-leaders-awards,6453,1,
https://es.theglobal.school/juan-manuel-sanchez-ramirez-latin-american-social-leaders-awards/,https://es.theglobal.school/juan-manuel-sanchez-ramirez-latin-american-social-leaders-awards/,200,es,no,juan-manuel-sanchez-ramirez-latin-american-social-leaders-awards,12286,2,
https://es.theglobal.school/julieta-diaz-beltran-latin-american-social-leaders-awards/,https://es.theglobal.school/julieta-diaz-beltran-latin-american-social-leaders-awards/,200,es,no,julieta-diaz-beltran-latin-american-social-leaders-awards,3570,2,
https://es.theglobal.school/karen-gabriela-linan-segura-latin-american-social-leaders-awards/,https://es.theglobal.school/karen-gabriela-linan-segura-latin-american-social-leaders-awards/,200,es,no,karen-gabriela-linan-segura-latin-american-social-leaders-awards,5378,3,
https://es.theglobal.school/karina-nunez-esquivel-latin-american-social-leaders-awards/,https://es.theglobal.school/karina-nunez-esquivel-latin-american-social-leaders-awards/,200,es,no,karina-nunez-esquivel-latin-american-social-leaders-awards,5656,3,
https://es.theglobal.school/karla-estephany-alvarado-romero-latin-american-social-leaders-awards/,https://es.theglobal.school/karla-estephany-alvarado-romero-latin-american-social-leaders-awards/,200,es,no,karla-estephany-alvarado-romero-latin-american-social-leaders-awards,4220,2,
https://es.theglobal.school/la-batalla-contra-la-desigualdad-comienza-en-mexico/,https://es.theglobal.school/la-batalla-contra-la-desigualdad-comienza-en-mexico/,200,es,no,la-batalla-contra-la-desigualdad-comienza-en-mexico,7682,3,
https://es.theglobal.school/la-cana-latin-american-leaders-awards/,https://es.theglobal.school/la-cana-latin-american-leaders-awards/,200,es,no,la-cana-latin-american-leaders-awards,4865,1,
https://es.theglobal.school/la-desigualdad-nos-esta-matando/,https://es.theglobal.school/la-desigualdad-nos-esta-matando/,200,es,no,la-desigualdad-nos-esta-matando,4811,0,
https://es.theglobal.school/la-felicidad-es-muy-cara/,https://es.theglobal.school/la-felicidad-es-muy-cara/,200,es,no,la-felicidad-es-muy-cara,8659,8,
https://es.theglobal.school/la-historia-de-hikoi-digital/,https://es.theglobal.school/la-historia-de-hikoi-digital/,200,es,no,la-historia-de-hikoi-digital,11626,8,
https://es.theglobal.school/la-peor-pesadilla-de-europa-europa-en-crisis/,https://es.theglobal.school/la-peor-pesadilla-de-europa-europa-en-crisis/,200,es,no,la-peor-pesadilla-de-europa-europa-en-crisis,7161,0,
https://es.theglobal.school/la-valorizacion-energetica-de-desechos-solidos-y-sus-desafios/,https://es.theglobal.school/la-valorizacion-energetica-de-desechos-solidos-y-sus-desafios/,200,es,no,la-valorizacion-energetica-de-desechos-solidos-y-sus-desafios,8757,4,
https://es.theglobal.school/laboratoria-latin-american-leaders-awards-nominados-2022/,https://es.theglobal.school/laboratoria-latin-american-leaders-awards-nominados-2022/,200,es,no,laboratoria-latin-american-leaders-awards-nominados-2022,13560,0,
https://es.theglobal.school/lani-mireya-anaya-jimenez-latin-american-social-leaders-awards/,https://es.theglobal.school/lani-mireya-anaya-jimenez-latin-american-social-leaders-awards/,200,es,no,lani-mireya-anaya-jimenez-latin-american-social-leaders-awards,11004,2,
https://es.theglobal.school/las-100-mujeres-que-cambiaron-el-mundo/,https://es.theglobal.school/las-100-mujeres-que-cambiaron-el-mundo/,200,es,no,las-100-mujeres-que-cambiaron-el-mundo,25064,13,
https://es.theglobal.school/las-celebridades-son-oportunistas-ante-el-activismo/,https://es.theglobal.school/las-celebridades-son-oportunistas-ante-el-activismo/,200,es,no,las-celebridades-son-oportunistas-ante-el-activismo,23539,5,
https://es.theglobal.school/latin-american-leaders-awards/,https://es.theglobal.school/latin-american-leaders-awards-2019/,200,es,yes,latin-american-leaders-awards-2019,2784,1,
https://es.theglobal.school/latin-american-leaders-awards-2019/,https://es.theglobal.school/latin-american-leaders-awards-2019/,200,es,no,latin-american-leaders-awards-2019,2784,1,
https://es.theglobal.school/latin-american-leaders-awards-2024/,https://es.theglobal.school/latin-american-leaders-awards-2024/,200,es,no,latin-american-leaders-awards-2024,3345,0,
https://es.theglobal.school/lo-mas-visto-del-2021/,https://es.theglobal.school/lo-mas-visto-del-2021/,200,es,no,lo-mas-visto-del-2021,1162,0,
https://es.theglobal.school/lo-que-no-sabias-de-la-vida-de-una-mujer/,https://es.theglobal.school/lo-que-no-sabias-de-la-vida-de-una-mujer/,200,es,no,lo-que-no-sabias-de-la-vida-de-una-mujer,2371,0,
https://es.theglobal.school/los-humanos-se-auto-organizan-como-las-hormigas/,https://es.theglobal.school/los-humanos-se-auto-organizan-como-las-hormigas/,200,es,no,los-humanos-se-auto-organizan-como-las-hormigas,12703,3,
https://es.theglobal.school/marco-antonio-jimenez-escobar-latin-american-social-leaders-awards/,https://es.theglobal.school/marco-antonio-jimenez-escobar-latin-american-social-leaders-awards/,200,es,no,marco-antonio-jimenez-escobar-latin-american-social-leaders-awards,9063,3,
https://es.theglobal.school/marco-jimenez-latin-american-social-leaders-awards/,https://es.theglobal.school/marco-jimenez-latin-american-social-leaders-awards/,200,es,no,marco-jimenez-latin-american-social-leaders-awards,5540,1,
https://es.theglobal.school/marco-mendieta-latin-american-social-leaders-awards/,https://es.theglobal.school/marco-mendieta-latin-american-social-leaders-awards/,200,es,no,marco-mendieta-latin-american-social-leaders-awards,8388,2,
https://es.theglobal.school/maria-alejandra-sierra-aguilar-latin-american-leaders-awards-nominados-2022/,https://es.theglobal.school/maria-alejandra-sierra-aguilar-latin-american-leaders-awards-nominados-2022/,200,es,no,maria-alejandra-sierra-aguilar-latin-american-leaders-awards-nominados-2022,17528,0,
https://es.theglobal.school/maria-fernanda-gomez-de-la-garza-latin-american-social-leaders-awards/,https://es.theglobal.school/maria-fernanda-gomez-de-la-garza-latin-american-social-leaders-awards/,200,es,no,maria-fernanda-gomez-de-la-garza-latin-american-social-leaders-awards,5733,3,
https://es.theglobal.school/mario-matias-sebely-latin-american-social-leaders-awards/,https://es.theglobal.school/mario-matias-sebely-latin-american-social-leaders-awards/,200,es,no,mario-matias-sebely-latin-american-social-leaders-awards,5595,3,
https://es.theglobal.school/martha-huerta-cruz-latin-american-social-leaders-awards/,https://es.theglobal.school/martha-huerta-cruz-latin-american-social-leaders-awards/,200,es,no,martha-huerta-cruz-latin-american-social-leaders-awards,5906,3,
https://es.theglobal.school/martha-merchan-nominados-2022-latin-american-leaders-awards/,https://es.theglobal.school/martha-merchan-nominados-2022-latin-american-leaders-awards/,200,es,no,martha-merchan-nominados-2022-latin-american-leaders-awards,6615,1,
https://es.theglobal.school/marysela-zamora-villalobos-latin-american-social-leaders-awards/,https://es.theglobal.school/marysela-zamora-villalobos-latin-american-social-leaders-awards/,200,es,no,marysela-zamora-villalobos-latin-american-social-leaders-awards,6619,2,
https://es.theglobal.school/menstruacion-digna-latin-american-leaders-awards-nominados-2022/,https://es.theglobal.school/menstruacion-digna-latin-american-leaders-awards-nominados-2022/,200,es,no,menstruacion-digna-latin-american-leaders-awards-nominados-2022,11297,0,
https://es.theglobal.school/mide-la-felicidad-latin-american-leaders-awards-nominados-2022/,https://es.theglobal.school/mide-la-felicidad-latin-american-leaders-awards-nominados-2022/,200,es,no,mide-la-felicidad-latin-american-leaders-awards-nominados-2022,4454,1,
https://es.theglobal.school/movilizatorio-latin-american-leaders-awards-nominados-2022/,https://es.theglobal.school/movilizatorio-latin-american-leaders-awards-nominados-2022/,200,es,no,movilizatorio-latin-american-leaders-awards-nominados-2022,16106,1,
https://es.theglobal.school/mujeres/,https://es.theglobal.school/mujeres/,200,es,no,mujeres,10766,5,
https://es.theglobal.school/mujeres-autenticas-2023/,https://es.theglobal.school/mujeres-autenticas-2023/,200,es,no,mujeres-autenticas-2023,47584,18,
https://es.theglobal.school/mujeres-liderazgo/,https://es.theglobal.school/mujeres-liderazgo/,200,es,no,mujeres-liderazgo,10356,5,
https://es.theglobal.school/mujeres-tejer-y-saberes-latin-american-leaders-awards-nominados/,https://es.theglobal.school/mujeres-tejer-y-saberes-latin-american-leaders-awards-nominados/,200,es,no,mujeres-tejer-y-saberes-latin-american-leaders-awards-nominados,6621,0,
https://es.theglobal.school/natalia-lever-latin-american-leaders-awards-nominados-2022/,https://es.theglobal.school/natalia-lever-latin-american-leaders-awards-nominados-2022/,200,es,no,natalia-lever-latin-american-leaders-awards-nominados-2022,1691,0,
https://es.theglobal.school/no-es-normal-viri-rios-latin-american-leaders-awards/,https://es.theglobal.school/no-es-normal-viri-rios-latin-american-leaders-awards/,200,es,no,no-es-normal-viri-rios-latin-american-leaders-awards,2576,0,
https://es.theglobal.school/noemi-zozaya-latin-american-social-leaders-awards/,https://es.theglobal.school/noemi-zozaya-latin-american-social-leaders-awards/,200,es,no,noemi-zozaya-latin-american-social-leaders-awards,6664,2,
https://es.theglobal.school/nueva-etapa-the-global-school-for-new-leadership/,https://theglobal.school/new-era-the-global-school-for-new-leadership/,200,es,yes,new-era-the-global-school-for-new-leadership,5184,3,
https://es.theglobal.school/olimpia-coral-melo-cruz-latin-american-leaders-awards-nominados-2022/,https://es.theglobal.school/olimpia-coral-melo-cruz-latin-american-leaders-awards-nominados-2022/,200,es,no,olimpia-coral-melo-cruz-latin-american-leaders-awards-nominados-2022,8021,1,
https://es.theglobal.school/ollin-ac-latin-american-leaders-awards-nominados-2022/,https://es.theglobal.school/ollin-ac-latin-american-leaders-awards-nominados-2022/,200,es,no,ollin-ac-latin-american-leaders-awards-nominados-2022,19136,1,
https://es.theglobal.school/oxcem-latin-american-leaders-awards/,https://es.theglobal.school/oxcem-latin-american-leaders-awards/,200,es,no,oxcem-latin-american-leaders-awards,8611,1,
https://es.theglobal.school/paises-contaminantes-de-america-latina/,https://es.theglobal.school/paises-contaminantes-de-america-latina/,200,es,no,paises-contaminantes-de-america-latina,7833,3,
https://es.theglobal.school/pildora-natural/,https://es.theglobal.school/pildora-natural/,200,es,no,pildora-natural,6245,5,
https://es.theglobal.school/polarizacion-politica-desde-twitter-2/,https://es.theglobal.school/polarizacion-politica-desde-twitter-2/,200,es,no,polarizacion-politica-desde-twitter-2,16167,15,
https://es.theglobal.school/por-que-la-coca-es-importante-en-paises-andinos/,https://es.theglobal.school/por-que-la-coca-es-importante-en-paises-andinos/,200,es,no,por-que-la-coca-es-importante-en-paises-andinos,3934,6,
https://es.theglobal.school/posliderazgo/,https://es.theglobal.school/posliderazgo/,200,es,no,posliderazgo,10594,6,
https://es.theglobal.school/prosociedad-latin-american-leaders-awards-nominados-2022/,https://es.theglobal.school/prosociedad-latin-american-leaders-awards-nominados-2022/,200,es,no,prosociedad-latin-american-leaders-awards-nominados-2022,10658,0,
https://es.theglobal.school/purpose-driven-stories/,https://es.theglobal.school/purpose-driven-stories/,200,es,no,purpose-driven-stories,4228,0,
https://es.theglobal.school/putin-campeon-climatico-y-de-la-sostenibilidad/,https://es.theglobal.school/putin-campeon-climatico-y-de-la-sostenibilidad/,200,es,no,putin-campeon-climatico-y-de-la-sostenibilidad,17801,0,
https://es.theglobal.school/que-es-la-seguridad/,https://es.theglobal.school/que-es-la-seguridad/,200,es,no,que-es-la-seguridad,6631,4,
https://es.theglobal.school/que-es-ser-una-mujer-autentica/,https://es.theglobal.school/que-es-ser-una-mujer-autentica/,200,es,no,que-es-ser-una-mujer-autentica,19758,52,
https://es.theglobal.school/raul-oscar-canete-latin-american-social-leaders-awards/,https://es.theglobal.school/raul-oscar-canete-latin-american-social-leaders-awards/,200,es,no,raul-oscar-canete-latin-american-social-leaders-awards,4958,2,
https://es.theglobal.school/reciqlo-latin-american-leaders-awards-nominados-2022/,https://es.theglobal.school/reciqlo-latin-american-leaders-awards-nominados-2022/,200,es,no,reciqlo-latin-american-leaders-awards-nominados-2022,5063,1,
https://es.theglobal.school/recomendaciones/,https://es.theglobal.school/recomendaciones/,200,es,no,recomendaciones,13574,6,
https://es.theglobal.school/recuperacion-economica-y-ciudad-sustentables/,https://es.theglobal.school/recuperacion-economica-y-ciudad-sustentables/,200,es,no,recuperacion-economica-y-ciudad-sustentables,3244,0,
https://es.theglobal.school/regina-altena-latin-american-leaders-awards-nominados/,https://es.theglobal.school/regina-altena-latin-american-leaders-awards-nominados/,200,es,no,regina-altena-latin-american-leaders-awards-nominados,6604,1,
https://es.theglobal.school/ricardo-espinoza-latin-american-social-leaders-awards/,https://es.theglobal.school/ricardo-espinoza-latin-american-social-leaders-awards/,200,es,no,ricardo-espinoza-latin-american-social-leaders-awards,3605,2,
https://es.theglobal.school/ronel-almeyda-latin-american-social-leaders-awards/,https://es.theglobal.school/ronel-almeyda-latin-american-social-leaders-awards/,200,es,no,ronel-almeyda-latin-american-social-leaders-awards,7298,3,
https://es.theglobal.school/ronny-castillo-latin-american-social-leaders-awards/,https://es.theglobal.school/ronny-castillo-latin-american-social-leaders-awards/,200,es,no,ronny-castillo-latin-american-social-leaders-awards,6286,3,
https://es.theglobal.school/ruben-aguiniga-latin-american-social-leaders-awards/,https://es.theglobal.school/ruben-aguiniga-latin-american-social-leaders-awards/,200,es,no,ruben-aguiniga-latin-american-social-leaders-awards,6697,3,
https://es.theglobal.school/rusia-y-america-latina-tus-enemigos-no-son-mis-enemigos/,https://es.theglobal.school/rusia-y-america-latina-tus-enemigos-no-son-mis-enemigos/,200,es,no,rusia-y-america-latina-tus-enemigos-no-son-mis-enemigos,4051,1,
https://es.theglobal.school/rutas-del-conflicto-latin-american-leaders-awards-nominados-2022/,https://es.theglobal.school/rutas-del-conflicto-latin-american-leaders-awards-nominados-2022/,200,es,no,rutas-del-conflicto-latin-american-leaders-awards-nominados-2022,8682,1,
https://es.theglobal.school/sabrina-sepulveda-rivas-latin-american-social-leaders-awards/,https://es.theglobal.school/sabrina-sepulveda-rivas-latin-american-social-leaders-awards/,200,es,no,sabrina-sepulveda-rivas-latin-american-social-leaders-awards,6584,2,
https://es.theglobal.school/santiago-ortega-gonzalez-latin-american-social-leaders-awards/,https://es.theglobal.school/santiago-ortega-gonzalez-latin-american-social-leaders-awards/,200,es,no,santiago-ortega-gonzalez-latin-american-social-leaders-awards,6455,3,
https://es.theglobal.school/sarape-social-latin-american-leaders-awards-nominados-2022/,https://es.theglobal.school/sarape-social-latin-american-leaders-awards-nominados-2022/,200,es,no,sarape-social-latin-american-leaders-awards-nominados-2022,13765,1,
https://es.theglobal.school/se-firma-en-la-onu-la-1era-declaracion-global-de-emprendimiento/,https://es.theglobal.school/se-firma-en-la-onu-la-1era-declaracion-global-de-emprendimiento/,200,es,no,se-firma-en-la-onu-la-1era-declaracion-global-de-emprendimiento,4904,0,
https://es.theglobal.school/she-is-foundation-latin-american-leaders-awards-nominados-2022/,https://es.theglobal.school/she-is-foundation-latin-american-leaders-awards-nominados-2022/,200,es,no,she-is-foundation-latin-american-leaders-awards-nominados-2022,10434,0,
https://es.theglobal.school/sheyla-urco-latin-american-social-leaders-awards/,https://es.theglobal.school/sheyla-urco-latin-american-social-leaders-awards/,200,es,no,sheyla-urco-latin-american-social-leaders-awards,6940,3,
https://es.theglobal.school/sobrevivir-coronavirus/,https://es.theglobal.school/sobrevivir-coronavirus/,200,es,no,sobrevivir-coronavirus,5974,8,
https://es.theglobal.school/son-los-emprendedores-el-futuro-del-mundo/,https://es.theglobal.school/son-los-emprendedores-el-futuro-del-mundo/,200,es,no,son-los-emprendedores-el-futuro-del-mundo,4144,3,
https://es.theglobal.school/sonia-marlene-calderon-mamani-latin-american-social-leaders-awards/,https://es.theglobal.school/sonia-marlene-calderon-mamani-latin-american-social-leaders-awards/,200,es,no,sonia-marlene-calderon-mamani-latin-american-social-leaders-awards,6012,3,
https://es.theglobal.school/sumar-latin-american-leaders-award-nominados/,https://es.theglobal.school/sumar-latin-american-leaders-award-nominados/,200,es,no,sumar-latin-american-leaders-award-nominados,8206,1,
https://es.theglobal.school/superar-confinamiento-y-cuarentena/,https://es.theglobal.school/superar-confinamiento-y-cuarentena/,200,es,no,superar-confinamiento-y-cuarentena,17744,12,
https://es.theglobal.school/tecnologias-gubernamentales/,https://es.theglobal.school/tecnologias-gubernamentales/,200,es,no,tecnologias-gubernamentales,5031,6,
https://es.theglobal.school/top-20-innovaciones/,https://es.theglobal.school/top-20-innovaciones/,200,es,no,top-20-innovaciones,10737,5,
https://es.theglobal.school/top-5-lideres/,https://es.theglobal.school/top-5-lideres/,200,es,no,top-5-lideres,5591,6,
https://es.theglobal.school/trabaja-mama-latin-american-leaders-awards-nominados-2022/,https://es.theglobal.school/trabaja-mama-latin-american-leaders-awards-nominados-2022/,200,es,no,trabaja-mama-latin-american-leaders-awards-nominados-2022,6489,0,
https://es.theglobal.school/trabajo-en-red/,https://es.theglobal.school/trabajo-en-red/,200,es,no,trabajo-en-red,5212,6,
https://es.theglobal.school/trabajo-remoto/,https://es.theglobal.school/trabajo-remoto/,200,es,no,trabajo-remoto,7994,12,
https://es.theglobal.school/trascender-el-capitalismo-tres-formas-diferentes/,https://es.theglobal.school/trascender-el-capitalismo-tres-formas-diferentes/,200,es,no,trascender-el-capitalismo-tres-formas-diferentes,11111,2,
https://es.theglobal.school/un-mensaje-para-los-haters-de-greta/,https://es.theglobal.school/un-mensaje-para-los-haters-de-greta/,200,es,no,un-mensaje-para-los-haters-de-greta,11479,8,
https://es.theglobal.school/unboxed-latin-american-leaders-awards/,https://es.theglobal.school/unboxed-latin-american-leaders-awards/,200,es,no,unboxed-latin-american-leaders-awards,6753,0,
https://es.theglobal.school/vida-silvestre/,https://es.theglobal.school/vida-silvestre/,200,es,no,vida-silvestre,8739,6,
https://es.theglobal.school/vida-sustentable-y-saludable/,https://es.theglobal.school/vida-sustentable-y-saludable/,200,es,no,vida-sustentable-y-saludable,11312,10,
https://es.theglobal.school/vide-latin-american-leaders-awards-nominados-2022/,https://es.theglobal.school/vide-latin-american-leaders-awards-nominados-2022/,200,es,no,vide-latin-american-leaders-awards-nominados-2022,7589,0,
https://es.theglobal.school/viena-ciudad-inteligente/,https://es.theglobal.school/viena-ciudad-inteligente/,200,es,no,viena-ciudad-inteligente,19291,1,
https://es.theglobal.school/yanely-dominguez-miguel-latin-american-social-leaders-awards/,https://es.theglobal.school/yanely-dominguez-miguel-latin-american-social-leaders-awards/,200,es,no,yanely-dominguez-miguel-latin-american-social-leaders-awards,5294,2,
https://es.theglobal.school/yolanda-torres-flores-latin-american-social-leaders-awards/,https://es.theglobal.school/yolanda-torres-flores-latin-american-social-leaders-awards/,200,es,no,yolanda-torres-flores-latin-american-social-leaders-awards,3939,3,
