source,target,code,lang,detected_by
https://theglobal.school/event-organizations-academy-communities/,https://theglobal.school/the-new-global-school-communities-events-education/,301,en,crawl-follow
https://es.theglobal.school/educacion-global-para-lideres-de-gobierno-y-empresa/,https://es.theglobal.school/,301,es,crawl-follow
https://es.theglobal.school/nominaciones-latin-american-leaders-awards/,https://awards.pro-latam.org/nominate,301,es,crawl-follow
https://es.theglobal.school/nominaciones-mujeres-autenticas/,https://awards.pro-latam.org/nominate,301,es,crawl-follow
https://es.theglobal.school/5-consejos-vida-sustentable/,https://theglobal.school/tips-how-to-live-a-sustainable-lifestyle/,301,es,crawl-follow
https://es.theglobal.school/como-ayudar-ante-un-desastre-natural/,https://theglobal.school/how-can-we-help-when-a-natural-disasters-happen/,301,es,crawl-follow
https://es.theglobal.school/latin-american-leaders-awards/,https://es.theglobal.school/latin-american-leaders-awards-2019/,301,es,crawl-follow
https://es.theglobal.school/nueva-etapa-the-global-school-for-new-leadership/,https://theglobal.school/new-era-the-global-school-for-new-leadership/,301,es,crawl-follow
https://es.theglobal.school/innovation-box/,https://es.theglobal.school/innovation-toolbox-for-ceos-and-founders/,301,es,crawl-HEAD
https://es.theglobal.school/pasantias-pagadas-analisis-y-creacion-de-contenido/,https://es.theglobal.school/internship-youtuber/,301,es,crawl-HEAD
