source,target,type,enabled,title
https://theglobal.school/?page_id=21801,,301,,Vienna Housing International Congress
https://theglobal.school/?page_id=21899,,301,,GPLA Health Equity Event
https://theglobal.school/about-us/,,301,,The New Global School
https://theglobal.school/roberto-arrucha/,,301,,"Roberto Arrucha, Director &amp; Founder of The New Global School"
https://es.theglobal.school/roberto-arrucha/,,301,,"Roberto Arrucha, Director y Fundador de The New Global School"
https://es.theglobal.school/nosotros/,,301,,The New Global School - ¿Quiénes somos?
https://es.theglobal.school/membresias/,https://es.theglobal.school/miembros-asociados/,301,yes,Membresías The New Global School
https://es.theglobal.school/?page_id=21914,,301,,PRUEBA
https://es.theglobal.school/?page_id=21977,,301,,
https://es.theglobal.school/?page_id=23336,,301,,
https://es.theglobal.school/?page_id=23886,,301,,
https://es.theglobal.school/comunidad/,,301,,La Comunidad de Líderes Globales
https://theglobal.school/,,301,,The New Global School
https://es.theglobal.school/educacion-global-para-lideres-de-gobierno-y-empresa/,,301,,Educación Global para Líderes de Gobierno y Empresa
https://es.theglobal.school/latin-america-leaders-awards/,,301,,Latin America Leaders Awards - Premios Líderes de América Latina
https://es.theglobal.school/roberto-arrucha-libro/,,301,,"Roberto A. Arrucha - Libro Mente, Cuerpo, Espíritu"
https://theglobal.school/innovation-toolbox-for-ceos-and-founders/,,301,,Innovation ToolBox for CEOs &amp; Founders
https://es.theglobal.school/miembros/,,301,,Area de Miembros
https://theglobal.school/tools2/,,301,,Tools
https://es.theglobal.school/miembros-asociados/,,301,,Miembros Asociados - The New Global School
https://theglobal.school/internship-youtuber/,,301,,Internship Youtuber
https://es.theglobal.school/certificacion-en-gestion-ambiental-iso-14001/,,301,,Certificación en Gestión Ambiental ISO 14001
https://es.theglobal.school/curso-de-ingles-para-profesionales/,,301,,Curso de Inglés para Profesionales
https://es.theglobal.school/votaciones-latin-american-leaders-awards/,,301,,Votaciones - Latin American Leaders Awards
https://es.theglobal.school/premios-verdes-curso-de-liderazgo-y-estrategia/,,301,,Premios Verdes - Curso de Liderazgo y Estrategia
https://theglobal.school/champions-of-our-planet/,,301,,Champions of Our Planet
https://theglobal.school/latin-american-networking-in-vienna/,,301,,Latin American Networking in Vienna
https://es.theglobal.school/sambito-curso-de-liderazgo-y-estrategia/,,301,,Sambito - Curso de Liderazgo y Estrategia
https://es.theglobal.school/ana-baiardi-caf-cursos-de-liderazgo-y-estrategia/,,301,,Ana Baiardi CAF - Cursos de Liderazgo y Estrategia
https://es.theglobal.school/liderazgo-y-gestion-publica/,,301,,Liderazgo y Gestión Pública
https://es.theglobal.school/liderazgo-inteligente-sureco-partners/,,301,,Liderazgo Inteligente - Sureco& Partners
https://es.theglobal.school/liderazgo-y-accion-social-empresarial/,,301,,Liderazgo y Acción Social Empresarial
https://es.theglobal.school/dario-ibarguengoitia/,,301,,Dario Ibarguengoitia - Curso en Liderazgo
https://theglobal.school/conflict-conversations/,,301,,Conflict conversations
https://es.theglobal.school/liderazgo-en-economia-circular/,,301,,Liderazgo en Economía Circular
https://es.theglobal.school/destinos-inteligentes-tequila/,,301,,Destinos Inteligentes y Liderazgo
https://es.theglobal.school/liderazgo-desde-la-cuna-curso/,,301,,Liderazgo desde la cuna
https://es.theglobal.school/centro-internacional-de-mejoramiento-de-maiz-y-trigo-cimmyt-latam/,,301,,Centro Internacional de Mejoramiento de Maíz y Trigo – CIMMYT – Latam
https://es.theglobal.school/green-cloud/,,301,,Green Cloud
https://es.theglobal.school/liderazgo-y-ecologia/,,301,,Liderazgo y Ecología
https://es.theglobal.school/aqui-nadie-se-rinde/,,301,,Aqui nadie se rinde
https://es.theglobal.school/premiados-2023-latin-american-leaders-awards/,,301,,Premiados 2023 - Latin American Leaders Awards
https://es.theglobal.school/welcome/,,301,,Welcome
https://es.theglobal.school/tzunun/,,301,,TZUNUN
https://es.theglobal.school/diana-siguenza/,,301,,DIANA SIGUENZA
https://theglobal.school/ai-for-sustainable-development/,,301,,AI for Sustainable Development
https://es.theglobal.school/eva-robles/,,301,,EVA ROBLES
https://theglobal.school/ai-sustainability/,,301,,Artificial Intelligence European Forum
https://es.theglobal.school/malegarcia/,,301,,Male García
https://theglobal.school/startups-and-speakers-applications/,,301,,Startups and Speakers Applications
https://es.theglobal.school/nominaciones-latin-american-leaders-awards/,https://latam.awards-global.org/nominate,301,yes,Nominaciones - Latin American Leaders Awards
https://es.theglobal.school/nominaciones-mujeres-autenticas/,https://awards.pro-latam.org/nominate,302,yes,Nominaciones - Mujeres Auténticas
https://es.theglobal.school/tu-escuela-global-comunidad-eventos-educacion/,,301,,"Tu Escuela Global. Comunidad, Eventos & Educación"
https://es.theglobal.school/?p=16906,,301,,Colegio de Ingenieros del Agua Guanajuato - Latin American Leaders Awards - Nominados 2022
https://theglobal.school/?p=18503,,301,,Can women lead an army?
https://es.theglobal.school/?p=21949,,301,,
https://es.theglobal.school/mujeres-autenticas-votaciones/,,301,,Mujeres Auténticas - Votaciones
https://theglobal.school/tools-for-founders/,,301,,Tools for Founders
https://theglobal.school/the-new-global-school-communities-events-education/,,301,,"The New Global School. Communities, Events &amp; Education."
https://theglobal.school/event-organizations-academy-communities/,https://theglobal.school/the-new-global-school-communities-events-education/,301,yes,"The New Global School. Communities, Events &amp; Education."
https://es.theglobal.school/confirmacion-de-postulacion-latam-awards/,,301,,Confirmación de Postulación - Latam Awards
https://es.theglobal.school/diplomado-ejecutivo-viena-calidad-de-vida-y-ciudad-inteligente/,,301,,Diplomado Ejecutivo: Viena - Calidad de Vida y Ciudad Inteligente
https://es.theglobal.school/falsa-denuncia-contra-roberto-arrucha-director-de-the-global-school/,,301,,FALSA Denuncia contra Roberto Arrucha - Director de The Global School
https://es.theglobal.school/alerta-fraude-martin-jair-gutierrez-helian/,,301,,Alerta de Engaños: Martin Jair Gutierrez Gómez (alias Helian)
https://theglobal.school/doughnut-economics/,https://theglobal.school/doughnut-economics/,301,yes,"Doughnut Economics, Regenerative Economy"
https://es.theglobal.school/carta-a-la-humanidad-desde-2050/,,301,,Carta a la humanidad desde 2050 - Roberto A. Arrucha
https://theglobal.school/un-antonio-guterres/,https://theglobal.school/un-antonio-guterres/,301,yes,"""Let’s not fool ourselves"", UN Secretary General Antonio Guterres slams inequality falsehoods"
https://theglobal.school/the-holy-land-experience/,https://theglobal.school/the-holy-land-experience/,301,yes,The holy land is ready for tourism
https://es.theglobal.school/como-ayudar-ante-un-desastre-natural/,,301,,¿Cómo ayudar ante un desastre natural?
https://theglobal.school/how-to-stop-ai-from-cheating/,,301,,How to stop AI from cheating
https://theglobal.school/how-can-we-help-when-a-natural-disasters-happen/,,301,,¿Cómo podemos ayudar mejor ante un desastre?
https://es.theglobal.school/mujeres-autenticas-2023/,,301,,Mujeres Auténticas 2023
https://theglobal.school/war-china-vs-the-usa-climate-change/,,301,,The War of China and USA must be against climate change
https://es.theglobal.school/guerra-china-contra-eeuu-y-cambio-climatico/,,301,,La guerra de China y EE.UU. debe ser contra el cambio climático
https://es.theglobal.school/rusia-y-america-latina-tus-enemigos-no-son-mis-enemigos/,,301,,Rusia y América Latina: Tus enemigos no son mis enemigos
https://theglobal.school/seopress_404/curso-2/,https://es.theglobal.school,301,yes,curso-2
https://es.theglobal.school/aqui-nadie-se-rinde/,,301,,Aqui nadie se Rinde
https://es.theglobal.school/como-podemos-ayudar-mejor-ante-un-desastre/,,301,,¿Cómo podemos ayudar mejor ante un desastre?
https://es.theglobal.school/latin-american-leaders-awards-2024/,,301,,Latin American Leaders Awards 2024
https://theglobal.school/seopress_404/launch-your-global-school-community-events-education-academy/,https://theglobal.school/event-organizations-academy-communities/,301,yes,launch-your-global-school-community-events-education-academy
https://es.theglobal.school/la-peor-pesadilla-de-europa-europa-en-crisis/,,301,,La peor pesadilla de Europa - Europa en Crisis
https://theglobal.school/crisis-in-europe-europes-worst-nightmare/,,301,,Crisis in Europe. Europe’s Worst Nightmare
