source,target,code,action_type,match_type,regex,enabled,hits,title,source_plugin
/12303/,https://es.theglobal.school/top-5-lideres/,301,url,url,False,True,0,,redirection
/16965/,https://es.theglobal.school/oxcem-latin-american-leaders-awards/,301,url,url,False,True,0,,redirection
/22186-2/,/malegarcia/,301,url,url,False,True,320,,redirection
/5-consejos-vida-sustentable/,https://theglobal.school/tips-how-to-live-a-sustainable-lifestyle/,301,url,url,False,True,1088,,redirection
/7-razones-por-las-cuales-amamos-viena/,https://es.theglobal.school/viena-ciudad-inteligente/,301,url,url,False,True,1328,,redirection
/a-la-opinion-publica-cuidado-con-global-honor-entrepreneurship-society/,https://theglobal.school/scam-alert-helian-leigon-global-honor-entrepreneurship/,301,url,url,False,True,291,,redirection
/a-la-opinion-publica-cuidado-con-supuesta-denuncia/,https://es.theglobal.school/a-la-opinion-publica-cuidado-con-global-honor-entrepreneurship-society/,301,url,url,False,True,0,,redirection
/about-the-global-school-for-new-leadership/,/about/,301,url,url,False,True,313,,redirection
/about/,/about-us/,301,url,url,False,True,456,,redirection
/airbnb-partners-with-safe-ireland-and-womens-aid-to-offer-free-accommodation-for-domestic-violence-survivors/,https://theglobal.school/airbnb-violence-survivors/,301,url,url,False,True,0,,redirection
/alojamiento-gratuito-violencia-domestica/,https://es.theglobal.school/airbnb-alojamiento-gratuito/,301,url,url,False,True,0,,redirection
/alojamiento-gratuito-violencia/,https://es.theglobal.school/airbnb-alojamiento-gratuito/,301,url,url,False,True,0,,redirection
/batalla-por-supervivencia/,https://es.theglobal.school/carta-a-la-humanidad-desde-2100/,301,url,url,False,True,105,,redirection
/bienvenido/,https://es.theglobal.school/conviertete-en-analista-columnista/,301,url,url,False,True,150,,redirection
/can-ai-cheat-your-boss-and-professor-forever/,https://theglobal.school/how-to-stop-ai-from-cheating/,301,url,url,False,True,0,,redirection
/casi-el-90-de-los-hombres-y-mujeres-en-el-mundo-expresan-un-sesgo-contra-las-mujeres/,https://es.theglobal.school/mujeres/,301,url,url,False,True,22,,redirection
/ciudad-segura-y-sustentable/,https://es.theglobal.school/estrategias-para-ciudades-seguras-y-sustentables/,301,url,url,False,True,63,,redirection
/como-ayudar-a-guatemala/,https://es.theglobal.school/como-ayudar-ante-un-desastre-natural/,301,url,url,False,True,156,,redirection
/como-ayudar-ante-un-desastre-ambiental/,https://es.theglobal.school/como-ayudar-ante-un-desastre-natural/,301,url,url,False,True,163,,redirection
/como-ayudar-ante-un-desastre-climatico/,https://es.theglobal.school/como-ayudar-ante-un-desastre-natural/,301,url,url,False,True,0,,redirection
/como-ayudar-ante-un-desastre-natural/,https://theglobal.school/how-can-we-help-when-a-natural-disasters-happen/,301,url,url,False,True,1392,,redirection
/como-me-beneficia-o-perjudica-el-nuevo-acuerdo-de-la-union-europea-y-mexico/,https://es.theglobal.school/como-me-afecta-el-nuevo-acuerdo-de-la-union-europea-y-mexico/,301,url,url,False,True,0,,redirection
/como-trabajar-en-red-para-poder-sobrevivir-esta-crisis/,https://es.theglobal.school/trabajo-en-red/,301,url,url,False,True,0,,redirection
/consejos-de-vida-sustentable-para-la-vida-en-el-hogar/,https://es.theglobal.school/5-consejos-vida-sustentable/,301,url,url,False,True,0,,redirection
/consumo-en-tiempos-de-covid/,https://es.theglobal.school/vida-sustentable-y-saludable/,301,url,url,False,True,130,,redirection
/covid-19-como-superar-el-confinamiento-en-casa-y-la-cuarentena/,https://es.theglobal.school/superar-confinamiento-y-cuarentena/,301,url,url,False,True,0,,redirection
/curso-sambito/,/curso-liderazgo-y-estrategia-premios-verdes/,301,url,url,False,True,70,,redirection
/desarrollo-sostenible-un-planeta-superpoblado-superproductivo-y-gloton/,https://es.theglobal.school/desarrollo-sostenible/,301,url,url,False,True,125,,redirection
/directora-de-movilidad-y-transporte-de-zapopan-latin-american-leaders-awards-nominados-2022/,https://es.theglobal.school/direccion-de-movilidad-y-transporte-de-zapopan-latin-american-leaders-awards-nominados-2022/,301,url,url,False,True,0,,redirection
/disminuir-la-violencia/,https://es.theglobal.school/estrategias-para-ciudades-seguras-y-sustentables/,301,url,url,False,True,112,,redirection
/economia-de-la-dona-podemos-regenerar-nuestro-planeta/,https://es.theglobal.school/economia-de-la-dona/,301,url,url,False,True,242,,redirection
/el-decrecimiento-la-teoria-de-la-abundancia-radical/,https://es.theglobal.school/decrecimiento/,301,url,url,False,True,95,,redirection
/el-imperativo-de-poner-fin-a-los-delitos-contra-la-vida-silvestre/,https://es.theglobal.school/vida-silvestre/,301,url,url,False,True,46,,redirection
/el-trabajo-remoto-es-una-solucion-real/,https://es.theglobal.school/trabajo-remoto/,301,url,url,False,True,0,,redirection
/energy-management-systems-iso-14001/,/certificacion-en-gestion-ambiental-iso-14001/,301,url,url,False,True,421,,redirection
/es-tiempo-de-repensar-los-eventos-que-puede-aprender-la-industria-de-eventos-de-la-crisis-del-coronavirus/,https://es.theglobal.school/eventos-coronavirus/,301,url,url,False,True,16,,redirection
/estresado-este-estudio-dice-que-simplemente-necesita-una-pildora-natural-de-20-minutos/,https://es.theglobal.school/pildora-natural/,301,url,url,False,True,0,,redirection
/event-organizations-academy-communities/,/the-new-global-school-communities-events-education/,301,url,url,False,True,972,,redirection
/event-tech-digital-solutions-for-event-organizers/,/event-organizations-academy-communities/,301,url,url,False,True,507,,redirection
/happiness-in-europe/,https://theglobal.school/happiness-is-expensive/,301,url,url,False,True,249,,redirection
/happiness-of-europe/,https://theglobal.school/happiness-is-expensive/,301,url,url,False,True,271,,redirection
/historia-sobre-la-extincion-humana/,https://es.theglobal.school/carta-a-la-humanidad-desde-2100/,301,url,url,False,True,369,,redirection
/holistic-development-for-planetary-wellbeing/,https://theglobal.school/holistic-development/,301,url,url,False,True,0,,redirection
/human-interaction/,https://theglobal.school/remote-work/,301,url,url,False,True,33,,redirection
/ideologia/,https://es.theglobal.school/el-capitalismo-ha-muerto/,301,url,url,False,True,0,,redirection
/innovation-box/,/innovation-toolbox-for-ceos-and-founders/,301,url,url,False,True,5362,,redirection
/insostenible/,https://es.theglobal.school/extincion-o-evolucion/,301,url,url,False,True,7,,redirection
/investigacion-las-mujeres-obtienen-puntajes-mas-altos-que-los-hombres-en-la-mayoria-de-las-habilidades-de-liderazgo/,https://es.theglobal.school/mujeres-liderazgo/,301,url,url,False,True,0,,redirection
/its-time-for-impact-driven-events-what-can-the-events-industry-learn-from-the-coronavirus-crisis/,https://theglobal.school/events-industry/,301,url,url,False,True,84,,redirection
/ivan-fernando-flores-macias/,/fernando-ivan-flores-macias/,301,url,url,False,True,0,,redirection
/la-batalla-por-la-supervivencia-da-inicio/,https://es.theglobal.school/carta-a-la-humanidad-desde-2100/,301,url,url,False,True,0,,redirection
/la-crisis-global-del-sistema-covid-19/,https://es.theglobal.school/crisis-global/,301,url,url,False,True,0,,redirection
/la-extincion-de-la-especie-humana-2050/,https://es.theglobal.school/carta-a-la-humanidad-desde-2100/,301,url,url,False,True,0,,redirection
/la-peor-pesadilla-de-europa/,/la-peor-pesadilla-de-europa-europa-en-crisis/,301,url,url,False,True,89,,redirection
/latin-american-leaders-awards/,https://es.theglobal.school/latin-american-leaders-awards-2019/,301,url,url,False,True,988,,redirection
/launch-your-global-school-community-events-education-academy/,/tu-escuela-global-comunidad-eventos-educacion/,301,url,url,False,True,377,,redirection
/lessons-from-indigenous-to-resist-the-crisis/,https://theglobal.school/lessons-indigenous/,301,url,url,False,True,0,,redirection
/lessons-from-indigenous/,https://theglobal.school/lessons-indigenous/,301,url,url,False,True,0,,redirection
/letter-to-humanity-since-2050/,https://theglobal.school/letter-to-humanity-from-2050/,301,url,url,False,True,63,,redirection
/libro-mente-cuerpo-espiritu-roberto-arrucha/,/roberto-arrucha-libro/,301,url,url,False,True,177,,redirection
/liderando-la-economia-circular/,/liderazgo-en-economia-circular/,301,url,url,False,True,64,,redirection
/liderazgo-hacia-las-destinos-inteligentes/,/destinos-inteligentes-tequila/,301,url,url,False,True,61,,redirection
/liderazgo-por-la-vida-y-el-planeta/,/liderazgo-desde-la-cuna-curso/,301,url,url,False,True,61,,redirection
/mujeres-autenticas-2/,/mujeres-autenticas-votaciones/,301,url,url,False,True,94,,redirection
/mujeres-autenticas-20/,https://es.theglobal.school/mujeres-autenticas-2023/,301,url,url,False,True,0,,redirection
/nuestro-nuevo-conjunto-de-herramientas-plantea-preguntas-criticas-sobre-las-tecnologias-gubernamentales/,https://es.theglobal.school/tecnologias-gubernamentales/,301,url,url,False,True,0,,redirection
/nueva-etapa-the-global-school-for-new-leadership/,https://theglobal.school/new-era-the-global-school-for-new-leadership/,301,url,url,False,True,1625,,redirection
/online-will-never-replace-human-interaction/,https://theglobal.school/remote-work/,301,url,url,False,True,26,,redirection
/paises-mas-contaminantes-de-america-latina/,https://es.theglobal.school/paises-contaminantes-de-america-latina/,301,url,url,False,True,224,,redirection
/pasantias-pagadas-analisis-y-creacion-de-contenido/,/internship-youtuber/,301,url,url,False,True,1125,,redirection
/qepd-capitalismo/,https://es.theglobal.school/el-capitalismo-ha-muerto/,301,url,url,False,True,124,,redirection
/que-le-quieren-decir-al-mundo-los-pueblos-indigenas-sobre-el-covid-19/,https://es.theglobal.school/indigenas-covid19/,301,url,url,False,True,0,,redirection
/research-women-score-higher-than-men-in-most-leadership-skills/,https://theglobal.school/women-leadership/,301,url,url,False,True,15,,redirection
/scam-alert-helian-leigon-global-honor-entrepreneurship/,https://theglobal.school/404-2/,301,url,url,False,True,483,,redirection
/security-operations-management-systems-iso-18788/,/iso-21001-educational-organizations-management/,301,url,url,False,True,74,,redirection
/sesgo-contra-mujeres/,https://es.theglobal.school/mujeres/,301,url,url,False,True,8,,redirection
/sharing-power-to-rebuild-public-trust/,https://theglobal.school/sharing-power-public-trust/,301,url,url,False,True,0,,redirection
/speakers-requests/,/startups-and-speakers-applications/,301,url,url,False,True,51,,redirection
/superar-confinamiento/,https://es.theglobal.school/superar-confinamiento-y-cuarentena/,301,url,url,False,True,153,,redirection
/the-future-is-now-european-union-and-latin-american-eu-lac/,/european-union-and-latin-american-eu-lac-celac/,301,url,url,False,True,57,,redirection
/the-global-covid-19-system-crisis/,https://theglobal.school/system-crisis/,301,url,url,False,True,54,,redirection
/the-story-of-digital-hikoi/,https://theglobal.school/journey-with-the-indigenous-of-brazil/,301,url,url,False,True,66,,redirection
/the-war-of-china-and-the-usa-must-be-against-climate-change/,/guerra-china-contra-eeuu-y-cambio-climatico/,301,url,url,False,True,387,,redirection
/tools/,/tools2/,301,url,url,False,True,290,,redirection
/transforming-culture/,https://theglobal.school/cultural-transformation-by-leaders/,301,url,url,False,True,0,,redirection
/tras-las-huellas-de-los-componentes-de-la-salud-fisica/,https://es.theglobal.school/estudio-actividad-fisica/,301,url,url,False,True,0,,redirection
/una-mirada-hacia-el-futuro-del-liderazgo-en-tiempos-de-crisis-posliderazgo/,https://es.theglobal.school/posliderazgo/,301,url,url,False,True,0,,redirection
/vienna-housing-model-programme/,/vienna-housing-international-congress/,301,url,url,False,True,1,,redirection
/will-the-coronavirus-help-humanity-survive-the-environmental-crisis/,https://theglobal.school/environmental-crisis/,301,url,url,False,True,46,,redirection
/world-localization-day/,https://theglobal.school/localization-day/,301,url,url,False,True,59,,redirection
https://es.theglobal.school/membresias/,https://es.theglobal.school/miembros-asociados/,301,url,url,False,yes,,Membresías The New Global School,seopress
https://es.theglobal.school/nominaciones-latin-american-leaders-awards/,https://latam.awards-global.org/nominate,301,url,url,False,yes,,Nominaciones - Latin American Leaders Awards,seopress
https://es.theglobal.school/nominaciones-mujeres-autenticas/,https://awards.pro-latam.org/nominate,302,url,url,False,yes,,Nominaciones - Mujeres Auténticas,seopress
https://theglobal.school/doughnut-economics/,https://theglobal.school/doughnut-economics/,301,url,url,False,yes,,"Doughnut Economics, Regenerative Economy",seopress
https://theglobal.school/event-organizations-academy-communities/,https://theglobal.school/the-new-global-school-communities-events-education/,301,url,url,False,yes,,"The New Global School. Communities, Events &amp; Education.",seopress
https://theglobal.school/seopress_404/curso-2/,https://es.theglobal.school,301,url,url,False,yes,,curso-2,seopress
https://theglobal.school/seopress_404/launch-your-global-school-community-events-education-academy/,https://theglobal.school/event-organizations-academy-communities/,301,url,url,False,yes,,launch-your-global-school-community-events-education-academy,seopress
https://theglobal.school/the-holy-land-experience/,https://theglobal.school/the-holy-land-experience/,301,url,url,False,yes,,The holy land is ready for tourism,seopress
https://theglobal.school/un-antonio-guterres/,https://theglobal.school/un-antonio-guterres/,301,url,url,False,yes,,"""Let’s not fool ourselves"", UN Secretary General Antonio Guterres slams inequality falsehoods",seopress
/the-new-global-school-communities-events-education/,/event-organizations-academy-communities/,301,url,url,False,False,0,,redirection
